/*
SQLyog Community v12.4.3 (64 bit)
MySQL - 10.1.25-MariaDB : Database - arvindo
*********************************************************************
*/

/*!40101 SET NAMES utf8 */;

/*!40101 SET SQL_MODE=''*/;

/*!40014 SET @OLD_UNIQUE_CHECKS=@@UNIQUE_CHECKS, UNIQUE_CHECKS=0 */;
/*!40014 SET @OLD_FOREIGN_KEY_CHECKS=@@FOREIGN_KEY_CHECKS, FOREIGN_KEY_CHECKS=0 */;
/*!40101 SET @OLD_SQL_MODE=@@SQL_MODE, SQL_MODE='NO_AUTO_VALUE_ON_ZERO' */;
/*!40111 SET @OLD_SQL_NOTES=@@SQL_NOTES, SQL_NOTES=0 */;
CREATE DATABASE /*!32312 IF NOT EXISTS*/`arvindo` /*!40100 DEFAULT CHARACTER SET latin1 */;

USE `arvindo`;

/*Table structure for table `m_barang` */

DROP TABLE IF EXISTS `m_barang`;

CREATE TABLE `m_barang` (
  `kd_brg` varchar(24) NOT NULL,
  `nama_barang` varchar(120) DEFAULT NULL,
  `stock` int(11) DEFAULT NULL,
  `satuan` varchar(60) DEFAULT NULL,
  `date_create` datetime DEFAULT NULL,
  `date_update` datetime DEFAULT NULL,
  `user_create` varchar(45) DEFAULT NULL,
  `status` char(3) DEFAULT NULL,
  `kd_suplier` varchar(15) NOT NULL
) ENGINE=InnoDB DEFAULT CHARSET=latin1;

/*Data for the table `m_barang` */

/*Table structure for table `m_cabang` */

DROP TABLE IF EXISTS `m_cabang`;

CREATE TABLE `m_cabang` (
  `kdcabang` varchar(8) NOT NULL,
  `nama_cabang` varchar(35) DEFAULT NULL,
  `alamat_cabang` varchar(35) DEFAULT NULL,
  `kdkota` varchar(10) DEFAULT NULL,
  `status` char(1) DEFAULT NULL,
  PRIMARY KEY (`kdcabang`)
) ENGINE=InnoDB DEFAULT CHARSET=latin1;

/*Data for the table `m_cabang` */

insert  into `m_cabang`(`kdcabang`,`nama_cabang`,`alamat_cabang`,`kdkota`,`status`) values 
('CBG139','Head Office','Jl. Pinang Ranti No. 7, kecamatan M','139','1'),
('CBG153','Arvindo PTK','Jl. Wonodadi 1 No. 21, Kubu Raya. K','153','1'),
('CBG17','Arvindo BKL','Jl. Danau Raya No. 23, Kota Bengkul','17','1'),
('CBG27','Arvindo BTA','Jl. A. Yani KM. 4,5 Kemelak Rt. 02/','27','1'),
('CBG3','Arvindo PKU','Jl. Umbansari Atas No. 31 Rumbai. P','3','1'),
('CBG45','Arvindo LPG','Jl. Mayjend Ryacudu. kel. Campang r','45','1');

/*Table structure for table `m_client` */

DROP TABLE IF EXISTS `m_client`;

CREATE TABLE `m_client` (
  `id` int(11) NOT NULL AUTO_INCREMENT,
  `nama` varchar(50) DEFAULT NULL,
  `kdkota` varchar(15) DEFAULT NULL,
  `alamat` text,
  `npwp` varchar(16) DEFAULT NULL,
  `date_create` datetime DEFAULT NULL,
  `date_update` datetime NOT NULL,
  `user_create` varchar(25) DEFAULT NULL,
  `user_update` varchar(25) DEFAULT NULL,
  `status` char(1) DEFAULT NULL,
  PRIMARY KEY (`id`)
) ENGINE=InnoDB AUTO_INCREMENT=27 DEFAULT CHARSET=latin1;

/*Data for the table `m_client` */

insert  into `m_client`(`id`,`nama`,`kdkota`,`alamat`,`npwp`,`date_create`,`date_update`,`user_create`,`user_update`,`status`) values 
(1,'PT DWIKARYA LANGGENGSUKSES','60','Jl. Transjogi KM. 1,5 - Cileungsi, Bogor','013863162436000','2017-12-04 15:15:29','0000-00-00 00:00:00','uci',NULL,'1'),
(2,'PT JAYA REAL PROPERTY TBK','94','Jl. Boulevard Raya Graha Raya Blok A-1, Kel. Paku Jaya Kec. Serpong Utara Kab. Tangerang Selatan Banten','010010767411002','2017-12-07 10:08:22','0000-00-00 00:00:00','uci',NULL,'1'),
(3,'PT PLAZA INDONESIA JABABEKA','75','Kav. OASIS Jl. Wahidin Sudiro Husodo Jababeka Blok E Kel. Mekarmukti Kec. Cikarang Utara Kab. Bekasi Jawa Barat','318070398414000','2017-12-07 10:10:49','0000-00-00 00:00:00','uci',NULL,'1'),
(4,'PT BANGGA TEKNOLOGI INDONESIA','117','RE Martadinata Komp. Gudang Diamond Cipta Niaga B Blok 00 No. 6 Kel. Bandarharjo Kec. Semarang Utara Kab. Semarang Jawa Tengah','743818981504000','2017-12-07 10:25:35','0000-00-00 00:00:00','uci',NULL,'1'),
(5,'PT MULTI NUSANTARA KARYA','75','Jl. MH. Thamrin LIPPO CIKARANG CKe. Cibatu Kec. Cikarang Selatan Kota Bekasi Jawa Barat','024929606413001','2017-12-07 11:18:04','0000-00-00 00:00:00','uci',NULL,'1'),
(6,'PT SURYAMAS DUTAMAKMUR','60','Jl. Raya Sukabumi Ciawi Girang Blok Kel. Harjasari Kec. Bogor Selatan Kota Bogor - Jawa Barat','013484936404001','2017-12-08 08:44:43','0000-00-00 00:00:00','uci',NULL,'1'),
(7,'PT SUMBER CIPTA MULTINIAGA','117','Jl. Pandean Lamper IV Blok No. 16 Kel. Peterongan Kec. Semarang Selatan Kab. Semarang - Jawa Tengah 50242','026800763511000','2017-12-08 08:47:46','0000-00-00 00:00:00','uci',NULL,'1'),
(8,'PT MODERN LAND REALTY, Tbk','136','Green Central City Commercial Area 5th Floor Jl. Gajah Mada  No. 188 Kec. Taman Sari, Jakarta Barat ','013694161054000','2017-12-08 08:49:56','0000-00-00 00:00:00','uci',NULL,'1'),
(9,'PT LIPPO CIKARANG','82','EASTON COMMERCIAL CENTER, Jl. Gn. Panderman Blok 05 Kel. Cibatu. Kec. Cikarang Selatan, Kota Bekasi Jawa Barat','014382246431001','2017-12-08 08:56:23','0000-00-00 00:00:00','uci',NULL,'1'),
(10,'PT DWIGUNATAMA RINTISPRIMA','82','Kp. Cikarageman Kel. Cikarageman Kec. Setu , Bekasi - Jawa Barat','015858269413001','2017-12-08 08:59:49','0000-00-00 00:00:00','uci',NULL,'1'),
(11,'PT DJARUM','109','A. Yani Kel. Panjunan Kec. Kudus - Kudus, Jawa Barat','012023974511000','2017-12-08 09:06:30','0000-00-00 00:00:00','uci',NULL,'1'),
(12,'PT MIDEA PLANET INDONESIA','137','Gd. Menara Imperium Lt. 10 Suite A Jl. HR Rasuna Said Blok 00 Kel. Setiabudi Jakarta Selatan DKI Jakarta','02993310801800','2017-12-11 09:40:10','0000-00-00 00:00:00','uci',NULL,'1'),
(13,'PT TOBACCO SELATMALAKA INDUSTRY','102','Ds. Bakung Blok 00 RT 01 RW 05 Kel. Mijen Kab. Demak - Jawa Tengah','030005649515000','2017-12-11 09:42:35','0000-00-00 00:00:00','uci',NULL,'1'),
(14,'PT PIXEL MEDIA INOVASI','135','Blora no. 8 RT 03/06 Menteng - Jakarta Pusat','025845751071000','2017-12-18 10:16:51','0000-00-00 00:00:00','uci',NULL,'1'),
(15,'PT MECOSIN INDONESIA','','Jl. Palmerah Utara Blok No. 14 A, Kel. Kemanggisan Kec. Palmerah Kota Jakarta Barat','011051034038000','2017-12-18 10:58:09','0000-00-00 00:00:00','uci',NULL,'1'),
(16,'PT TAJUR SURYA ABADI','60','Jl. Raya Tajur No. 170 RT 001 RW 005 Kec. Bogor Selatan Kota Bogor Jawa Barat','031143449404001','2017-12-18 11:03:30','0000-00-00 00:00:00','uci',NULL,'1'),
(17,'PT LINTAS MEDIATAMA','63','Jakarta Blok 000 nO. 36 rt 08 rw 04 Kel. Kebonwaru, Kec. Batununggal Kab. Bandung - Jawa Barat','024809915441000','2017-12-18 15:06:35','0000-00-00 00:00:00','uci',NULL,'1'),
(18,'PT INDOBILLBOARD','137','Rukan Graha Mas Fatmawati Blok B No. 1, Jl. Rs Fatmawati No 39 Cipete Utara Kebayoran Baru Jakarta Selatan','029352945019000','2017-12-18 16:23:10','0000-00-00 00:00:00','uci',NULL,'1'),
(19,'PT CIPUTRA RESIDENCE','91','Raya Serang KM 14,7 Kel. Mekar Bakti Kec. Panongan, Tangerang - Banten','014842165451001','2017-12-20 09:33:44','0000-00-00 00:00:00','uci',NULL,'1'),
(20,'PT NOJORONO TOBACCO INTERNATIONAL','109','Panglima Sudirman Blok No 86B RT 002 RW 01 Kel. Nganguk Kec. Kab. Kudus Jawa Tengah 59311','011214079511000','2018-01-04 10:13:43','0000-00-00 00:00:00','uci',NULL,'1'),
(21,'PT SHARP ELEKTRONICS INDONESIA','74','Jl. Harapan Raya Lot LL - 1& 2 Kawasan Industri KI/C Kel. Sirnabaya Karawang - Jawa Barat','010018802092000','2018-01-04 10:34:54','0000-00-00 00:00:00','uci',NULL,'1'),
(22,'PT CIKAL AMRI','139','Jl. Raya Setu No. 3 Cipayung Jakarta Timur','313237976009000','2018-01-04 10:36:38','0000-00-00 00:00:00','uci',NULL,'1'),
(23,'PT GRAHA BUANA CIKARANG','75','Jl. H. Usman Ismail Hollywood Plaza No. 10-12 Mekar Mukti Cikarang Utara Bekasi Jawa Barat','015934656431000','2018-01-04 10:38:44','0000-00-00 00:00:00','uci',NULL,'1'),
(24,'PT PERADA SWARA PRODUCTIONS','136','Jl. Haji Kelik Kelapa Dua Raya Blok No. 25  Kel. Kelapa Dua Kec. Kebon Jeruk ','015395619031000','2018-01-12 13:45:45','0000-00-00 00:00:00','uci',NULL,'1'),
(25,'PT BANGGA TEKHNOLOGI INDONESIA','127','RE Martadinata Komp. Gudang Diamond Cipta nNiaga B No. 6, Bandarharjo Semarang Utara - Kota Semarang','74.381.898.1.50','2018-06-05 14:15:57','0000-00-00 00:00:00','uci',NULL,'1'),
(26,'PT MOERIA MULIA','102','Jl. Raya Demak-Kudus\r\nWonorejo-Karanganyar\r\nKab. Demak','014783377511000','2018-07-02 11:13:50','0000-00-00 00:00:00','uci',NULL,'1');

/*Table structure for table `m_karyawan` */

DROP TABLE IF EXISTS `m_karyawan`;

CREATE TABLE `m_karyawan` (
  `id` int(11) NOT NULL AUTO_INCREMENT,
  `npwp` varchar(20) NOT NULL,
  `nama_karyawan` varchar(15) NOT NULL,
  `alamat_asal` varchar(35) DEFAULT NULL,
  `alamat_domisili` varchar(35) DEFAULT NULL,
  `nomor_hp` varchar(15) DEFAULT NULL,
  `jns_kelamin` char(1) DEFAULT NULL,
  `tgl_lahir` date NOT NULL,
  `agama` varchar(10) NOT NULL,
  `gaji_harian` varchar(15) DEFAULT NULL,
  `gaji_pokok` varchar(15) DEFAULT NULL,
  `status` char(1) NOT NULL,
  PRIMARY KEY (`id`)
) ENGINE=InnoDB DEFAULT CHARSET=latin1;

/*Data for the table `m_karyawan` */

/*Table structure for table `m_kota` */

DROP TABLE IF EXISTS `m_kota`;

CREATE TABLE `m_kota` (
  `kdkota` varchar(10) NOT NULL,
  `kdprovinsi` varchar(10) DEFAULT NULL,
  `nama_kota` varchar(35) DEFAULT NULL,
  PRIMARY KEY (`kdkota`)
) ENGINE=InnoDB DEFAULT CHARSET=latin1;

/*Data for the table `m_kota` */

insert  into `m_kota`(`kdkota`,`kdprovinsi`,`nama_kota`) values 
('1','033','Padang'),
('10','027','Kabupaten Kuantan Senggigi'),
('100','010','Kabupaten Brebes'),
('101','011','Kabupaten Cilacap'),
('102','011','Kabupaten Demak'),
('103','011','Kabupaten Grobogan'),
('104','011','Kabupaten Jepara'),
('105','011','Kabupaten Karanganyar'),
('106','011','Kabupaten Kebumen'),
('107','011','Kabupaten Kendal'),
('108','011','Kabupaten Klaten'),
('109','011','Kabupaten Kudus'),
('11','027','Kabupaten Pelalawan'),
('110','011','Kabupaten Magelang'),
('111','011','Kabupaten Pati'),
('112','010','Kabupaten Pekalongan'),
('113','011','Kabupaten Pemalang'),
('114','011','Kabupaten Purbalingga'),
('115','011','Kabupaten Purworejo'),
('116','011','Kabupaten Rembang'),
('117','011','Kabupaten Semarang'),
('118','011','Kabupaten Sragen'),
('119','011','Kabupaten Sukoharjo'),
('120','011','Kabupaten Tegal'),
('121','011','Kabupaten Temanggung'),
('122','011','Kabupaten Wonogiri'),
('123','011','Kabupaten Wonosobo'),
('124','011','Magelang'),
('125','011','Pekalongan'),
('126','011','Salatiga'),
('127','011','Semarang'),
('128','011','Surakarta'),
('129','011','Tegal'),
('13','027','Kabupaten Kuantan Singingi'),
('130','007','Kabupaten Bantul'),
('131','007','Kabupaten Gunungkidul'),
('132','007','Kabupaten Kulon Progo'),
('133','007','Kabupaten Sleman'),
('134','007','Yogyakarta'),
('135','006','Jakarta Pusat'),
('136','006','Jakarta Barat'),
('137','006','Jakarta Selatan'),
('138','006','Jakarta Utara'),
('139','006','Jakarta Timur'),
('14','027','Kabupaten Rokan Hilir'),
('140','006','Kabupaten Kepulauan Seribu'),
('141','013','Kabupaten Bengkayang'),
('142','013','Kabupaten Kapuas Hulu'),
('143','013','Kabupaten Kayong Utara'),
('144','013','Kabupaten Ketapang'),
('145','013','Kabupaten Kubu Raya'),
('146','013','Kabupaten Landak'),
('147','013','Kabupaten Melawi'),
('148','013','Kabupaten Mempawah'),
('149','013','Kabupaten Sambas'),
('15','027','Kabupaten Rokan Hulu'),
('150','013','Kabupaten Sanggau'),
('151','013','Kabupaten Sekadau'),
('152','013','Kabupaten Sintang'),
('153','013','Pontianak'),
('154','013','Singkawang'),
('16','027','Kabupaten Siak'),
('17','005','Kota Bengkulu'),
('18','005','Kabupaten Bengkulu Selatan'),
('19','005','Kabupaten Bengkulu Tengah'),
('2','033','Bukit Tinggi'),
('20','005','Kabupaten Bengkulu Utara'),
('21','005','Kabupaten kaur'),
('22','005','Kabupaten Kepahiang'),
('23','005','Kabupaten Lebong'),
('24','005','Kabupaten Mukomuko'),
('25','005','Kabupaten Rejang Lebong'),
('26','005','Kabupaten Seluma'),
('27','034','Baturaja'),
('28','034','Lubuk Linggau'),
('29','034','Pagar Alam'),
('3','027','Pekanbaru'),
('30','034','Palembang'),
('31','034','Prabumulih'),
('32','034','Kabupaten Banyuasin'),
('33','034','Kabupaten Empat Lawang'),
('34','034','Kabupaten Lahat'),
('35','034','Kabupaten Muara Enim'),
('36','034','Kabupaten Musi Banyuasin'),
('37','034','Kabupaten Musi Rawas'),
('38','034','Kabupaten Musi Rawas Utara'),
('39','034','Kabupaten Ogan Ilir'),
('4','027','Dumai'),
('40','034','Kabupaten Ogan Komering Ilir'),
('41','034','Kabupaten Ogan Komering Ulu'),
('42','034','Kabupaten Ogan Komering Ulu Selatan'),
('43','034','Kabupaten Ogan komering Ulu Timur'),
('44','034','Kabupaten Penukal Abab Lematang Ili'),
('45','019','Bandar Lampung'),
('46','019','Metro'),
('47','019','Kabupaten Lampung Tengah'),
('48','019','Kabupaten Lampung Utara'),
('49','019','Kabupaten Lampung Selatan'),
('5','027','Kabupaten Bengkalis'),
('50','019','Kabupaten Lampung Barat'),
('51','019','Kabupaten Lampung Timur'),
('52','019','Kabupaten Mesuji'),
('53','019','Kabupaten Pesawaran'),
('54','019','Kabupaten Pesisir Barat'),
('55','019','Kabupaten Pringsewu'),
('56','019','Kabupaten Tulang Bawang'),
('57','019','Kabupaten Tulang Bawang Barat'),
('58','019','Kabupaten Tanggamus'),
('59','019','Kabupaten Way Kanan'),
('6','027','Kabupaten Indragiri Hilir'),
('60','010',' Kabupaten Bogor'),
('61','010','Kabupaten Sukabumi'),
('62','010','Kabupaten Cianjur'),
('63','010','Kabupaten Bandung'),
('64','010','Kabupaten Garut'),
('65','010','Kabupaten Tasikmalaya'),
('66','010','Kabupaten Ciamis'),
('67','010','Kabupaten Kuningan'),
('68','010','Kabupaten Cirebon'),
('69','010','Kabupaten Majalengka'),
('7','027','Kabupaten Indragiri Hulu'),
('70','010','Kabupaten Sumedang'),
('71','010','Kabupaten Indramayu'),
('72','010','Kabupaten Subang'),
('73','010','Kabupaten Purwakarta'),
('74','010','Kabupaten Karawang'),
('75','010','Kabupaten Bekasi'),
('76','010','Kabupaten Bandung Barat'),
('77','010','Kabupaten Pangandaran'),
('78','010','Bogor'),
('79','010','Sukabumi'),
('8','027','Kabupaten Kampar'),
('80','010','Bandung'),
('81','010','Cirebon'),
('82','010','Bekasi'),
('83','010','Depok'),
('84','010','Cimahi'),
('85','010','Tasikmalaya'),
('86','010','Banjar'),
('87','004','Kabupaten Pandeglang'),
('88','004','Kabupaten Lebak'),
('89','004','Kabupaten Tangerang'),
('9','027','Kabupaten Kepulauan Meranti'),
('90','004','Kabupaten Serang'),
('91','004','Tangerang'),
('92','004','Cilegon'),
('93','004','Serang'),
('94','004','Tangerang Selatan'),
('95','011','Kabupaten Banjarnegara'),
('96','011','Kabupaten Banyumas'),
('97','011','Kabupaten Batang'),
('98','011','Kabupaten Blora'),
('99','011','Kabupaten Boyolali');

/*Table structure for table `m_lokasi` */

DROP TABLE IF EXISTS `m_lokasi`;

CREATE TABLE `m_lokasi` (
  `kdlokasi` varchar(5) NOT NULL,
  `kdkota` varchar(15) DEFAULT NULL,
  `nama_lokasi` varchar(40) DEFAULT NULL,
  `alamat_lokasi` text,
  `arah_pandang` text,
  `kdstatus` varchar(5) DEFAULT NULL,
  `date_create` datetime DEFAULT NULL,
  `date_update` datetime DEFAULT NULL,
  `user_create` varchar(15) DEFAULT NULL,
  PRIMARY KEY (`kdlokasi`)
) ENGINE=InnoDB DEFAULT CHARSET=latin1;

/*Data for the table `m_lokasi` */

insert  into `m_lokasi`(`kdlokasi`,`kdkota`,`nama_lokasi`,`alamat_lokasi`,`arah_pandang`,`kdstatus`,`date_create`,`date_update`,`user_create`) values 
('0043','27','Simpang Bemban Muara Enim','Jl. Jend.Sudirman (Simpang Bemban Kec.Muara Enim)','Sebelah KIRI jalan arah dari taman Muara Enim ke arah Lahat Kota','01','2018-02-02 13:43:44',NULL,'ervyjulia'),
('0044','42','Pasar Muara Dua','Jl. Jend.Sudirman Simpang 3 Pasar Muara Dua OKU Selatan','Sebelah KIRI jalan arah dari Pemda OKU Selatan ke arah Pasar Inpres Muara dua','01','2018-02-02 13:54:32',NULL,'ervyjulia'),
('0045','43','Depan POLSEK Belitang','Jl. Raya Belitang BK X Depan Polsek Belitang,  Kab. OKU Timur\r\n','Sebelah KIRI jalan dari arah Baturaja ke arah pasar Gumawang Belitang – OKU Timur','01','2018-02-02 13:55:46',NULL,'ervyjulia'),
('0046','29','2 sisi Ds.Tumbak Ulas ','Ds. Tumbak Ulas Kec.Pagar Alam Sum-Sel','SIDE A sebelah kanan jalan dari arah Simpang Manna menuju ke Pasar Pagar Alam \r\nSIDE B sebelah kiri dari arah Pasar Pagar Alam menuju ke arah Simpang Manna','01','2018-02-02 13:57:32',NULL,'ervyjulia'),
('0047','27','Simpang 4 POLRES OKU ','Jl. Setiabudi Simpang Polres Baturaja','Sebelah KANAN jalan arah dari Pasar Baru Baturaja kearah Taman Kota Baturaja','01','2018-02-02 13:58:36',NULL,'ervyjulia'),
('0048','31','Simpang 3 Patung Kuda ','Simpang 3 Patung Kuda\r\nJln. Jend.Sudirman Prabumulih','Sebelah KIRI jalan dari arah Pemda Prabumulih ke Arah Pasar Prabumulih','01','2018-02-02 13:59:41',NULL,'ervyjulia'),
('0049','27','Simpang 3 M. Hatta ','Jl. Garuda simpang M. Hatta Baturaja, Kab. OKU','Sebelah KIRI jalan dari Jl.Lintas Garuda arah GOR Baturaja ke arah Simpang 4 Air Paoh Baturaja','01','2018-02-02 14:01:24',NULL,'ervyjulia'),
('005-1','20','BILLBOARD DJARUM','Jl. M. Yamin (Bundaran m. Yamin), Agramakmur - Bengkulu Utara.','Sebelah Kiri dari Jl. KH. A. Dahlan menuju Jl. M. Yamin','01','2018-01-08 12:53:29',NULL,'samino'),
('005-2','20','BALIHO DJARUM','Simpang 4 Jl. M. Yamin, Agramakmur - Kab. Bengkulu Utara','Lurus dari Jl. Moh. Hatta menuju Jl. M. Yamin.','01','2018-01-08 12:57:40',NULL,'samino'),
('005-3','20','BALIHO DJARUM','Simpang 4 unit Terminal 1, Agramakmur - Kab. Bengkulu Utara.','Sebelah kanan dari arah Jl. Unit ! menuju Jl. Umint 3','01','2018-01-08 13:01:42',NULL,'samino'),
('005-4','20','BALIHO KOSONG','Jl. SAM Ratulangi (Simpang 3 Pasar Purwodadi), Agramakmur - Kab. Bengkulu Utara.','Sebelah Kiri dari Jl. SAM. Ratulangi menuju Pasar Purwodadi.','00','2018-01-08 13:07:01','2018-01-08 13:14:00','samino'),
('005-5','25','BILLBOARD KOSONG','Jl. A. Yani, Curup - Kabupaten Rejang Lebong','Sebelah kiri Jalan dari arah Curup menuju Lubuk Linggau','00','2018-01-08 13:13:15',NULL,'samino'),
('005-6','25','BALIHO CLAS MILD','Jl. A. Yani (Desa Sukaraja), Curup - Kab. Rejang Lebong','Sebelah Kiri Jalan dr arah simpang 3 Sukaraja menuju Jl. A. Yani Sukaraja.','01','2018-01-08 13:19:13',NULL,'samino'),
('005-7','25','BALIHO DUPONT','Jl. Lintas Curup – Lubuk Linggau (Simp. 4 Bukit Kaba), Curup - Kab. Rejang Lebong','Sebelah Kanan Jalan dari arah Jl. Lintas Curup (Simp. 4 Bukit Kaba) menuju arah ke\r\n  Lubuk Linggau dan sebelah Kiri Jalan dari arah Simp. Bukit Kaba menuju arah ke\r\n  Bengkulu\r\n','01','2018-01-08 13:23:06',NULL,'samino'),
('005-8','25','BALIHO DUPONT',': Jl. Basuki Rahmat (Bundaran), Curup - Kab. Rejang Lebong','Sebelah Kiri Jalan dari arah Jl. Sukowati menuju arah Jl. Basuki Rahmat','01','2018-01-08 13:26:33',NULL,'samino'),
('005-9','22','BILLBOARD DJARUM','Jl. Santoso (Depan Pasar Kepahiang)',': Lurus dari Simp. 3 Jl. Lintas Kepahiang Bengkulu menuju Pasar Kepahiang','01','2018-01-08 13:31:12',NULL,'samino'),
('0050','41','Pasar Gotong Royong  ','Jl. Pasar Gotong Royong Batumarta, Kab. OKU','SIDE A: Sebelah KANAN jalan dari simpang Batumarta unit 1 ke  arah Batumarta Unit 16\r\nSIDE B : Sebelah KIRI jalan dari arah Batumarta unit 16 ke arah Batumarta unit 1','01','2018-02-02 14:08:43',NULL,'ervyjulia'),
('0051','27','Simpang 4 Jembatan Ogan 2','Simpang 4 Jembatan Ogan 2 Baturaja, Kab. OKU','Sebelah KANAN jalan dari arah Jembatan Ogan 2 menuju arah POM Batu Kuning\r\n','01','2018-02-02 14:11:42',NULL,'ervyjulia'),
('0052','27','Depan GOR ','GOR Baturaja','Sebelah kanan jalan dari arah Simpang 4 Kemiling menuju kearah Jembatan Ogan 2\r\n','01','2018-02-02 14:13:03',NULL,'ervyjulia'),
('0053','27','Ds.Terusan ','Ds. Terusan Kec. BTA OKU','Sebelah kiri jalan dari arah Lubuk Batang menuju ke Simpang 4 Sukajadi\r\n','01','2018-02-02 14:19:45',NULL,'ervyjulia'),
('0054','27','RS. Sriwijaya','RS. Sriwijaya','sebelah kanan jalan dari arah RS Sriwijaya menuju ke arah Simpang Air Paoh','01','2018-02-02 14:20:54',NULL,'ervyjulia'),
('0055','27','Simpang 3 DIKNAS','Simpang 3 RS. Holindo - Baturaja','sebelah kiri jalan dari arah RS Holindo menuju ke arah dalam kota Baturaja\r\n','01','2018-02-02 14:21:54',NULL,'ervyjulia'),
('0056','27','Simpang 3 PT. Semen','Simpang 3 PT. Semen Baturaja','sebelah kanan jalan dari arah Jembatan Ogan 2 menuju kearah Batu Kuning','01','2018-02-02 14:24:13',NULL,'ervyjulia'),
('0057','27','Simpang 3 Sukaraya','Jln. Raden Fatah Kab. OKU','sebelah kiri jalan dari arah simpang 3 Sukaraya menuju kearah Pasar Baru\r\n','01','2018-02-02 14:25:04',NULL,'ervyjulia'),
('0059','27','Samping Ramayana','Jl. Kapten Alihanafiah (Samping Ramayana) BTA','sebelah kanan jalan dari arah Ramayana menuju Rumah Kabupaten\r\n','01','2018-02-02 14:26:05',NULL,'ervyjulia'),
('006-1','139','PYLON HARVEST CITY','Jl. Tol Jagorawi Km. 13+00 A sebelum Exit Cibubur, Kec. Cipayung - Jakarta Timur','Sebelah kiri arah pandang dari Taman Mini menuju Cibubur/Bogor','01','2017-12-04 15:33:35','2017-12-11 14:34:44','samino'),
('006-2','137','JPO BINTARO JAYA','JPO Jalan Tol TB.Simatupang, Underpass Pondok Pinang - Jakarta Selatan','Dari Pondok Indah menuju Serpong/BSD','01','2017-12-11 13:49:51','2017-12-11 16:19:46','samino'),
('006-3','137','JPO BINTARO JAYA','JPO Jalan Tol Ulujami-Serpong Km. 0+200 A, Ulujami - Jakarta Selatan.','Dari Ulujami menuju Serpong','01','2017-12-11 13:57:46','2017-12-11 14:33:56','samino'),
('006-4','139','BILLBOARD  RANCAMAYA','Jl. Tol Jagorawi Km. 12+300 A sebelum Exit Cibubur, Cipayung - Jakarta Timur','Sebelah Kiri dari Taman Mini menuju Cibubur/Bogor','01','2017-12-11 14:07:15',NULL,'samino'),
('0060','27','Samping Rumah Sakit Umum ','Samping RSUD Ibnu Sutowo BTA','sebelah kiri jalan dari arah Pasar Atas menuju Taman Kota','01','2018-02-02 14:27:19',NULL,'ervyjulia'),
('0061','27','Dekat PERUM KIBANG','Batu Kuning (Dekat Perum Kibang Permai) BTA','sebelah kanan jalan dari arah Lubuk Batang menuju ke Terminal Batu Kuning','01','2018-02-02 14:28:57',NULL,'ervyjulia'),
('0062','27','RM. Aneka Rasa','RM Aneka Rasa, Jln. A. Yani Baturaja','Side A. Sebelah kanan jalan dari arah kota Bta menuju ke arah Martapura\r\nSide B. Sebelah kiri jalan dari arah Martapura menuju ke City Mall\r\n','01','2018-02-02 14:30:29',NULL,'ervyjulia'),
('0063','27','RM. LAGUNA','Jl. A. Yani Depan Rumah Makan LAGUNA','Side A. sebelah kiri jalan dari arah Martapura menuju ke Citymall\r\nSide B. sebelah kanan jalan dari arah dalam kota Bta menuju ke arah martapura\r\n','01','2018-02-02 14:31:44',NULL,'ervyjulia'),
('0064','27','Simpang 3 Pasar Batumarta','Simpang 3 Psr.Batumarta VI Kec.Madang Suku III OKU Timur\r\n','sebelah kiri jalan dari arah Unit 2 Batumarta menuju ke arah Unit 7 Batumarta','01','2018-02-02 14:32:45',NULL,'ervyjulia'),
('0065','27','Ds. Sidodadi','Ds. Sidodadi BK 9 Belitang OKU Timur','sebelah kiri jalan dari arah Pasar Sidodadi menuju ke simpang 4 Sidodadi','01','2018-02-02 14:34:41',NULL,'ervyjulia'),
('0066','41','Ds. Bantan','Jl.Raya Simp.Martapura-Belitang Ds.Bantan Kec.BP Peliung','sebelah kanan jalan dari arah Buay Madang menuju ke arah Martapura','01','2018-02-02 14:36:27',NULL,'ervyjulia'),
('0067','43','Depan Terminal Martapura','Depan Terminal Kota Baru Martapura, Kab. OKU Timur   ','sebelah kiri jalan dari arah Way Kanan menuju ke Martapura','01','2018-02-02 14:37:25',NULL,'ervyjulia'),
('0068','43','Ds. Bedilan','Ds. Bedilan Belitang – OKU Timur','sebelah kiri jalan dari arah BK 11 menuju ke BK 10 Gumawang','01','2018-02-02 14:42:25',NULL,'ervyjulia'),
('0069','43','Ds. Petanggan','Desa Petanggan BK 16 Belitang, Kab. OKU Timur','SIDE A sebelah kiri jalan dari BK 21 menuju ke BK 10\r\nSIDE B sebelah kanan jalan dari BK 10 menuju ke BK 21','01','2018-02-02 14:43:41',NULL,'ervyjulia'),
('0070','42','Ds. Batu Belang','Jl. Raya Muara Dua - Ranau Ds. Batu Belang, Muara Dua OKU Selatan\r\n','sebelah kanan jalan dari arah Ranau menuju ke Pasar Muara Dua','01','2018-02-02 14:44:50',NULL,'ervyjulia'),
('0071','42','Gunung Terang','Gn.Terang Kec.Buay Sandang Aji OKU Selatan','sebelah kanan jalan dari Ds.Kisau menuju ke arah Kota Muara Dua','01','2018-02-02 14:45:45',NULL,'ervyjulia'),
('0072','42','Depan Terminal Muara Dua','Terminal Muaradua, Kab. OKU Selatan','sebelah kanan jalan dari arah Pasar Muara dua menuju ke arah Ranau','01','2018-02-02 14:46:46',NULL,'ervyjulia'),
('0073','42','Ds. Kisau','Jl.Sudirman Ds. Kisau Muaradua','sebelah kiri jalan dari arah Martapura menuju ke arah Muara Dua','01','2018-02-02 14:47:43',NULL,'ervyjulia'),
('0074','42','Samping Masjid Agung','Ds.Kecipung Samping Masjid Agung Muara Dua - OKU Selatan\r\n','sebelah kanan jalan dari Muara Dua menuju ke Simpang Sender','01','2018-02-02 14:52:05',NULL,'ervyjulia'),
('0075','43','BK 10','Jl. Raya Sidodadi BK 10 OKU Timur','sebelah kanan jalan dari Martapura menuju ke arah Gumawang','01','2018-02-02 15:05:48',NULL,'ervyjulia'),
('0076','43','BK 16','Ds.petanggan BK 16 OKU Timur\r\nArah','sebelah kanan jalan dari arah BK 20 menuju ke arah BK 10 Gumawang','01','2018-02-02 15:07:02',NULL,'ervyjulia'),
('0077','43','Simpang Irigasi','Ds.Cipta Muda Simpang Irigasi OKU Timur','sebelah kanan jalan dari arah Martapura menuju ke arah Buay Madang','01','2018-02-02 15:07:57',NULL,'ervyjulia'),
('0078','43','BK 21','Ds.Raman Jaya BK 21 Belitang OKU Timur','sebelah kiri jalan dari arah Petanggan menuju ke Jalinsum','01','2018-02-02 15:08:48',NULL,'ervyjulia'),
('0079','27','Simpang 4 Jembatan Ogan 1','Jl. A. Yani Simpang 4 Pasar Lama Jemb.Ogan 1 BTA','sebelah kanan dari arah jembatan Ogan 1 menuju ke Rumah Sakit Ibnu Sutowo BTA','01','2018-02-02 15:32:29',NULL,'ervyjulia'),
('0080','27','Depan Ramayana','Jl. Jend. A.Yani Depan Ramayana Baturaja kab. OKU','SIDE A dari arah ramayana menuju ke arah SUSKA\r\nSIDE B dari arah SUSKA menuju ke arah Taman Kota BTA','01','2018-02-02 15:33:45',NULL,'ervyjulia'),
('0081','43','Masjid Agung Gumawang','Jl. Raya Gumawang Belitang OKU Timur','SIDE A sebelah kiri jalan dari arah Gumawang menuju ke arah Martapura\r\nSIDE B sebelah kanan jalan dari arah Martapura menuju ke Petanggan','01','2018-02-02 15:37:33',NULL,'ervyjulia'),
('0082','42','Simpang Martapura','Jl. Raya Muara Dua Ds.Simpang Martapura','sebelah kanan jalan dari Martapura menuju ke Muara Dua','01','2018-02-02 15:38:53',NULL,'ervyjulia'),
('0083','41','Pasar Gotong Royong jazy','Pasar Gotong Royong Batam II Kec.Lubuk Raja Kab.OKU','sebelah kanan jalan dari Unit 6 menuju ke arah Baturaja','01','2018-02-02 15:51:20',NULL,'ervyjulia'),
('0084','27','Sukajadi','Jl. Dr. Soetomo Kel.Sukajadi Kab.OKU','Sebelah kiri jalan dari arah Jembatan Ogan 2 menuju Pasar Atas - BTA\r\n','01','2018-02-02 16:07:50',NULL,'ervyjulia'),
('0085','43','Pasar Gumawang','Pasar Gumawang, Belitang OKU Timur','sebelah kanan jalan dari arah Tegal Rejo menuju ke Simpang 4 Gumawang','01','2018-02-02 16:08:45',NULL,'ervyjulia'),
('0086','41','Depan POLSEK Peninjauan','Jl. Putri Candi (Depan POLSEK Peninjauan) Kab.OKU','sebelah kiri jalan dari arah Lubuk Batang menuju ke Kedaton','01','2018-02-02 16:09:48',NULL,'ervyjulia'),
('0087','27','Simpang 3 SUSKA','Jl. Jend. A. Yani Simpang 3 SUSKA – Baturaja','sebelah kiri jalan dari arah Ramayan menuju ke Citymall','01','2018-02-02 16:13:07',NULL,'ervyjulia'),
('0088','41','Lubuk Batang','Desa Lubuk Batang Kec.Lubuk Batang','sebelah kiri jalan Lubuk Rukam menuju ke arah Baturaja','01','2018-02-02 16:18:22',NULL,'ervyjulia'),
('0089','27','Simpang 3 UNBARA','Jl. A. Yani (Depan RM. Aneka Rasa) - Baturaja','sebelah kiri jalan dari arah BIL HOTEL menuju ke arah Martapura','01','2018-02-02 16:19:20',NULL,'ervyjulia'),
('0090','35','Depan RM RAPEN','Jl. Lintas Tj Enim (RM Rapen II) Kab Muara Enim','sebelah kiri jalan dari arah Tanjung Enim menuju ke Muara Enim','01','2018-02-02 16:27:53',NULL,'ervyjulia'),
('0091','35','Simpang 3 Pejuang 45','Simpang Tiga Jl Pejuang 45 Kab Muara Enim','sebelah kiri jalan dari arah Pasar Muara Enim menuju ke kantor PLN','01','2018-02-02 16:30:23',NULL,'ervyjulia'),
('0092','35','Simpang 3 PERUM AIR PAKU','Simpang Tiga Perum Air Paku Kab Muara Enim','sebelah kanan jalan dari Perum Air Paku menuju ke Jalan lintas Muara Enim','01','2018-02-02 16:31:17',NULL,'ervyjulia'),
('0093','35','Simpang SS. Tanjung Enim','Jl. Lintas Baturaja Simp.SS Tj.Enim Kec.Lawang Kidul, Muara Enim\r\n','sebelah kanan jalan Pasar Tj.Enim menuju ke arah PLTU','01','2018-02-02 16:32:29',NULL,'ervyjulia'),
('0094','35','Pasar Bantingan','Pasar Bantingan, Kab Muara Enim','sebelah kanan jalan dari arah Pasar menuju ke POLSEK Tj.Enim','01','2018-02-02 16:33:24',NULL,'ervyjulia'),
('0095','35','Lapangan ex.Bank Mandiri','Simpang 3 Lapangan eks Bank Mandiri, Kab Muara Enim','sebelah kiri jalan dari arah Simpang 4 Tj.Enim menuju ke arah PT.Bukit Asam','01','2018-02-02 16:34:27',NULL,'ervyjulia'),
('0096','35','Simpang 3 Islamic','Simpang 3 Islamic Center, Kab Muara Enim','sebelah kanan jalan dari arah Prabumulih menuju ke Muara Enim','01','2018-02-02 16:35:18',NULL,'ervyjulia'),
('0097','35','Tanjung Agung','Jl Lintas Baturaja Tj Agung,  Kab Muara Enim','sebelah kiri jalan dari arah Simpang Meo menuju ke Air Paku','01','2018-02-02 16:36:14',NULL,'ervyjulia'),
('0098','35','Gunung Megang','Jl. Lintas Palembang Kec.Gn Megang Muara Enim','sebelah kiri jalan dari arah Prabumulih menuju ke Muara Enim','01','2018-02-02 16:37:03',NULL,'ervyjulia'),
('0099','35','Ds. Pulo Panggung','Ds.Pulau Panggung Kec.Semendo darat laut Muara Enim','sebelah kiri jalan dari POM bensin menuju ke Gunung Kidul','01','2018-02-02 16:37:55',NULL,'ervyjulia'),
('010','60','BILLBOARD HARVEST CITY','Jl. Raya Transyogi samping Showroom Nissan, Cibubur-Kab. Bogor.','Dari Cibubur menuju Cileungsi','01','2017-12-04 13:06:29','2017-12-11 14:31:51','samino'),
('010-1','75','JPO PROPAN','Jl. Tol Jakarta-Cikampek Km. 17+900 A Tambun, Bekasi Timur - Kabupaten Bekasi','Dari Bekasi menuju Cikarang / Cikampek.','01','2017-12-18 15:52:21',NULL,'samino'),
('010-2','60','BILLBOARD HARVEST CITY','Jl. Raya Cileungsi-Jonggol depan Gerbang Harvest City - Kab. Bogor','Dari Cibubur menuju Jonggol dan dari Jonggol menuju Cibubur','01','2017-12-04 13:47:52','2017-12-11 14:30:49','samino'),
('010-3','60','BILLBOARD HARVEST CITY','Jl. Raya Cileungsi-Jonggol depan SPBU Cileungsi - Kab. Bogor','Dari Cibubur menuju Jonggol posisi disebelah Kanan Jalan','01','2017-12-04 13:53:38','2017-12-11 14:29:22','samino'),
('010-4','83','JPO BIZNET','Jl. Tol Jagorawi Km. 16+200 A, Cimanggis - Kota Depok','Dari Taman Mini menuju Bogor','01','2017-12-11 14:19:36',NULL,'samino'),
('010-5','60','BILLBOARD PERTAMINA','Jl. Tol Jagorawi Km. 20+400 A, Gunung Putri - Kab. Bogor','Sebelah Kiri dari Cibubur menuju Bogor','01','2017-12-11 14:46:55',NULL,'samino'),
('010-6','78','BILLBOARD RANCAMAYA',' Jl. Tol Jagorawi Km. 46+200 A Ciawi - Kota Bogor','Sebelah kiri dari Bogor menuju Puncak / Sukabumi','01','2017-12-11 14:58:22',NULL,'samino'),
('010-7','83','JPO KOSONG','Jl. Tol Jagorawi Km. 16+200 B, Cimanggis - Depok','Dari Bogor menuju Jakarta','01','2017-12-11 16:08:41','2017-12-13 09:56:55','samino'),
('010-8','82','BILLBOARD MEIKARTA','Jl. Tol Lingkar Luar Jakarta Km. 44+700 A, Cikunir - Kota Bekasi','Sebelah Kiri dari Jati Asih menuju  Cakung / Tol Cikampek.','01','2017-12-18 15:41:01',NULL,'samino'),
('010-9','82','JPO JAKARTA GARDEN CITY','Jl. Tol Jakarta Cikampek Km. 06+700 A, Jatibening - Kota Bekasi','Dari Cawang menuju Bekasi / Cikampek','01','2017-12-18 15:44:53',NULL,'samino'),
('0100','34','Dekat Stasiun TVRI','Jl. Lintas Lahat (Stasiun TVRI) Kab Lahat','sebelah kiri jalan dari arah Stasiun TVRI menuju ke Kota Lahat','01','2018-02-02 16:38:52',NULL,'ervyjulia'),
('0101','34','Simpang Lembayung','Jl. RE Martadinata (simpang Lembayung) Kab Lahat','sebelah kiri jalan dari arah Citymall menuju ke arah Terminal','01','2018-02-02 16:41:01',NULL,'ervyjulia'),
('0102','34','Ulak Pandan - Lahat','Jl. Lintas Lahat (Ulak Pandan) Kab Lahat','sebelah kiri jalan dari arah Merapi Timut menuju ke arah Lahat Kota','01','2018-02-02 16:45:03',NULL,'ervyjulia'),
('0103','34','Pagar Agung','Jl. Lintas Lahat Pagar Agung (Jembatan II) Kab.Lahat','sebelah kanan jalan dari arah Jembatan menuju ke Lahat Kota','01','2018-02-02 16:46:04',NULL,'ervyjulia'),
('0104','34','Dekat Jembatan II','Jl. Lintas Lahat  (Jemb.II) Merapi Timur Kab Lahat','sebelah kanan jalan dari arah Lahat menuju ke Tj.Enim','01','2018-02-02 16:46:51',NULL,'ervyjulia'),
('0105','34','Simpang 3 Talang Gabu','Simpang Tiga Jl Baru (Talang Gabu) Kab Lahat','sebelah kanan jalan dari arah Kantor Djarum menuju ke Terminal','01','2018-02-02 16:47:41',NULL,'ervyjulia'),
('0106','34','Simpang 3 Pertamina','Jl. RE Martadinata Simpang Pertamina Kab Lahat','sebelah kanan jalan dari arah Pertamina menuju ke arah Pasar Lahat','01','2018-02-02 16:48:29',NULL,'ervyjulia'),
('0107','34','Simpang Karang Anyar','Jl. RE Martadinata (simpang Kr Anyar), Kab Lahat','sebelah kiri jalan dari arah Citymall menuju ke Pasar Lahat','01','2018-02-02 16:49:27',NULL,'ervyjulia'),
('0108','34','Simpang Muara Siban','Simpang Muara Siban, Kab Lahat','sebelah kirii jalan dari arah SPBU menuju ke Pagar Alam ','01','2018-02-02 16:50:13',NULL,'ervyjulia'),
('0109','34','Simpang PERUMNAS KAPLING','Jl. Kol.Burlian Ds.Bandar Jaya Lembayung Kab.Lahat','sebelah kanan jalan dari arah Citymall menuju ke Stasiun','01','2018-02-02 16:50:59',NULL,'ervyjulia'),
('0110','34','Simpang Muara Lawai','Jl Lintas Lahat-Muara Enim (Simpang Muara Lawai), Kab Lahat \r\n','sebelah kiri jalan dari arah Pasar Muara Enim menuju ke Stasiun TVRI','01','2018-02-02 16:52:04',NULL,'ervyjulia'),
('0111','29','Simpang Manna','Simpang Manna Kota Pagar Alam','sebelah kanan jalan dari arah Lahat menuju ke Simpang 4 Manna','01','2018-02-02 16:53:00',NULL,'ervyjulia'),
('0112','29','Simpang 3 Tanjung Kayang','Simpang Tiga Tanjung Kayang Kota Pagar Alam','sebelah kiri jalan dari arah Simpang 4 Manna menuju ke Manna Kota','01','2018-02-02 16:53:59',NULL,'ervyjulia'),
('0113','29','Simpang 4 RSUD Basemah','Simpang Empat RSUD Basemah Kota Pagar Alam','sebelah kiri jalan dari arah Pasar Pagar Alam menuju ke RSUD Basemah','01','2018-02-02 16:55:23',NULL,'ervyjulia'),
('0114','29','Gunung Dempo','Jl. Gunung Gare/Dempo Kota pagar Alam','sebelah kiri jalan dari arah Gunung Dempo menuju ke arah Pasar ','01','2018-02-02 16:56:30',NULL,'ervyjulia'),
('0115','29','Koramil Pagar Alam','Jl. Terminal (koramil Pagar Alam), Kota Pagar Alam','sebelah kanan jalan dari arah Simpang 3 Gn.Dempo menuju ke Terminal','01','2018-02-02 16:57:30',NULL,'ervyjulia'),
('0116','29','Simpang Manna','Jl Lintas Pagar Alam (simpang Manna), Kota Pagar Alam','sebelah kiri jalan dari arah Manna menuju ke Lahat','01','2018-02-02 16:58:32',NULL,'ervyjulia'),
('0117','31','Simpang 3 Tugu Nanas','Simpang 3 Tugu Nanas, Prabumulih','sebelah kanan jalan dari arah Muara Enim menuju ke Kota Prabumulih','01','2018-02-02 17:04:52',NULL,'ervyjulia'),
('0118','31','Simpang 3 Gunung Kumala','Jl. Jend. Sudirman Simpang 3 Jl, Gunung Kemala','sebelah kiri jalan dari arah Tugu Nanas menuju ke Simpang Pertamina Prabumulih','01','2018-02-02 17:05:43',NULL,'ervyjulia'),
('0119','31','Simpang 4 Padat Karya','Jl.Sumatera Simp.4 Jl.Padat Karya Prabumulih','sebelah kiri jalan dari arah Patung Kuda menuju ke PEMDA Prabumulih','01','2018-02-02 17:06:49',NULL,'ervyjulia'),
('0120','31','Simpang 4 Pangkul','Simpang 4 Pangkul Prabumulih','sebelah kiri jalan dari arah Inderalaya menuju ke DISPENDA Prabumulih ','01','2018-02-02 17:07:49',NULL,'ervyjulia'),
('0121','31','Prabujaya','Jl.Kapten Abdullah Prabujaya - Prabumulih','sebelah kiri jalan dari arah Lapangan Prabumulih menuju ke Taman Siswa','01','2018-02-02 17:08:49',NULL,'ervyjulia'),
('0122','31','Pasar Prabumulih','Jl.M.Yamin Pasar I Prabumulih','sebelah kiri jalan dari arah Taman Siswa menuju ke Kantor TELKOM','01','2018-02-02 17:09:44',NULL,'ervyjulia'),
('0123','31','Angkatan 45','Jl. Angkatan 45 Prabumulih','sebelah kiri jalan dari RSUD Bunda menuju ke arah Taman Kota Prabumulih','01','2018-02-02 17:10:39',NULL,'ervyjulia'),
('0124','35','Ds. Lembak','Ds. Lembak No.13 Kp.3 Kec. Lembak Muara Enim','sebelah kanan jalan dari arah Prabumulih menuju ke Inderalaya','01','2018-02-02 17:11:36',NULL,'ervyjulia'),
('0125','39','Indralaya 1','Jl. Lintas Palembang Indralaya Lingkungan I \r\nKel.Timbangan Kec.Indralaya Utara Kab.Ogan Ilir\r\n','sebelah kanan jalan dari arah Palembang menuju ke Pasar Inderalaya','01','2018-02-02 17:14:20',NULL,'ervyjulia'),
('0126','31','Pandean','Jl. Pandean (Jl. Alipatan Kel.Mangga Besar Prabumulih)','sebelah kiri jalan dari arah Kantor POS menuju ke Pasar Prabumulih','01','2018-02-02 17:16:55',NULL,'ervyjulia'),
('0127','31','Lingkar Air Mancur','Jl. Lingkar Air Mancur -  Prabumulih','sebelah kiri jalan dari arah Citymall menuju ke Bundaran Air Mancur ','01','2018-02-02 17:17:48',NULL,'ervyjulia'),
('0128','31','Simpang 4 Pertamina','Simpang 4 pertamina -  Prabumulih','sebelah kanan jalan dari arah Gunung Kumala menuju ke Pasar Prabumulih','01','2018-02-02 17:18:37',NULL,'ervyjulia'),
('0129','31','Simpang 3 Urip Sumoharjo','Jl. Urip sumoharjo -  Prabumulih','sebelah kiri dari TELKOMSEL menuju ke Simpang Pertamina','01','2018-02-02 17:19:43',NULL,'ervyjulia'),
('013-1','145','BALIHO CAKRA','JL. A Yani 2 - Kubu Raya, Pontianak - Kalbar','Sebelah Kiri Jalan dari arah Polda Kalbar menuju arah Bundaran Kodam,   Bandara Supadio.','01','2018-01-17 09:41:16',NULL,'samino'),
('013-2','145','BILLBOARD REDBOLD','JL. A Yani 2 Kab. Kubu Raya - Kalimantan Barat','Sebelah Kiri Jalan dari arah bandara supadio menuju arah Simpang polda - Kalbar.','01','2018-01-17 09:45:39',NULL,'samino'),
('013-3','148','BALIHO KOSONG','JL. Raya Jungkat-sungai Pinyuh, Kab. Mempawah','Sebelah Kiri Jalan dari Pontianak Menuju arah Sungai Pinyuh.','00','2018-01-17 09:56:21',NULL,'samino'),
('013-4','144','BALIHO NIKKI SUPER','JL. Pangeran Adi Kendawangan','Pandangan sisi pertama Dari arap ketapang menuju arah Pasar  kendawangan, sisi kedua dari arah Kendawangan menuju arah Ketapang.','01','2018-01-17 10:04:29','2018-01-17 10:17:05','samino'),
('013-5','146','BALIHO CAKRA','JL. Lintas Kalimantan Poros Tengah (Pahuman)','Dua sisi, sisi pertama sebelah kiri jalan dari arah ngabang menuju arah    anjungan, sisi ke dua dari arah anjungan menuju arah ngabang.','01','2018-01-17 10:10:22','2018-01-17 10:18:13','samino'),
('013-6','','BALIHO CAKRA','JL. Jalan Trans Kalimantan','As jalan dri arah Pontianak. Ke kanan menuju arah Sanggau, ke kiri arah  tayan ketapang.','01','2018-01-17 10:28:35',NULL,'samino'),
('013-7','150','BALIHO CAKRA',': JL. Jalan lintas Malindo','Dua sisi, sisi pertama sebelah kiri jalan dari arah Sosok menuju arah    malaysia, sisi kedua dari arah entikong menuju Sanggau.','01','2018-01-17 10:32:07',NULL,'samino'),
('013-8','144','MIDIS D MLD','JL. Brigjend Katamso Ketapang','Sebelah Kanan Jalan dari arah sukadana menuju arah kota ketapang.','01','2018-01-17 10:35:54',NULL,'samino'),
('013-9','144','MIDIS DJARUM MLD','JL. Gajah mada-sutoyo','Sebelah kiri jalan dari arah pusat kota menuju arah pelabuhan ketapang.','01','2018-01-17 10:38:29',NULL,'samino'),
('0130','31','Depan POM Bensin ','Jl. Lintas Prabumulih POM Bensin Talang Taling','sebelah kiri jalan dari arah Prabumulih menuju ke Segayam','01','2018-02-02 17:20:43',NULL,'ervyjulia'),
('0131','31','Tugu PT. TEL ','Jl. Lintas Prabumulih Segayam Tugu TEL','sebelah kanan jalan dari arah Inderalaya menuju ke Talang Taling','01','2018-02-02 17:21:53',NULL,'ervyjulia'),
('0132','39','Kayu Agung','Kota Kayu Agung Kab.Ogan Ilir','sebelah kanan jalan dari arah Kota Kayu Agung menuju ke arah Tanjung raja','01','2018-02-02 17:22:55',NULL,'ervyjulia'),
('0133','39','Meranjat 3','Meranjat III (Cinta Marga) Ogan Ilir','sebelah kiri jalan dari arah Tanjung Raja menuju ke Inderalaya','01','2018-02-02 17:24:01',NULL,'ervyjulia'),
('0134','31','Terminal 32','Terminal 32 Jl.Lintas Prabumulih Indralaya','sebelah kanan jalan dari arah UNSRI menuju ke Kota Palembang','01','2018-02-02 17:25:09',NULL,'ervyjulia'),
('0135','150','Baliho Tembayan','JL. Jalan lintas Malindo','sisi A. sebelah kiri jalan dari arah Sosok menuju arah malaysia\r\nsisi B. Sebelah Kanan dari arah entikong menuju Sanggau.','01','2018-02-05 11:24:51',NULL,'ervyjulia'),
('0136','150','Baligho Simpang Ampar','JL. Jalan Trans kalimantan','Kiri Jalan  dari arah Pontianak Menuju tayan ketapang','01','2018-02-05 11:27:15',NULL,'ervyjulia'),
('0137','146','Baligho Sidas','JL. Lintas Kalimantan Poros Tengah (Pahuman)','Dua sisi, sisi pertama sebelah kiri jalan dari arah ngabang menuju arah    anjungan, sisi ke dua dari arah anjungan menuju arah ngabang.','01','2018-02-05 11:28:38',NULL,'ervyjulia'),
('0138','144','Baligho Pasar Kendawangan','JL. Pangeran Adi Kendawangan','sisi A. Dari arah ketapang menuju arah Pasar kendawangan\r\nsisi B. dari arah Kendawangan menuju arah Ketapang','01','2018-02-05 11:30:48',NULL,'ervyjulia'),
('0139','148','Baligho Jungkat','JL. Raya Jungkat-sungai Pinyuh','Sebelah Kiri Jalan dari Pontianak Menuju arah Sungai Pinyuh','01','2018-02-05 11:31:55',NULL,'ervyjulia'),
('0140','145','Billboard Redbold','JL. A Yani 2','Sebelah Kiri Jalan dari arah bandara supadio menuju arah Simpang polda kalbar.','01','2018-02-05 11:33:35',NULL,'ervyjulia'),
('0141','145','Baleho Cakra Fresresto','JL. A Yani 2','Sebelah Kiri Jalan dari arah Polda Kalbar menuju arah Bundaran Kodam Bandara Supadio.','01','2018-02-05 11:34:46',NULL,'ervyjulia'),
('0142','144','Midis Tumbang Titi','JL. Pasar tumbang titi','Sebelah Kiri Jalan dari arah Pasar Tumbang titi menuju arah pekantoran.','01','2018-02-05 11:38:39',NULL,'ervyjulia'),
('0143','143','Baligho Teluk Batang','Simpang 3 Teluk Batang','Sebelah kiri jalan dari arah Sukadana ke kiri menuju arah Pelabuhan teluk batang','01','2018-02-05 11:40:39',NULL,'ervyjulia'),
('0144','144','Midis Sungai Tengar','JL. Raya Kendawangan','Sebelah Kiri jalan dari arah Pesaguan Menuju Arah Kendawangan','01','2018-02-05 11:41:54',NULL,'ervyjulia'),
('0145','143','Baligho Sukadana','JL. Tanjung Pura','Sebelah kiri jalan dari arah kota ketapang menuju arah Pusat kota sukadana','01','2018-02-05 11:42:56',NULL,'ervyjulia'),
('0146','144','Midis Sisingamaharaja','JL. Gajah mada - Sisingamaharaja ','Kanan jalan dari arah tugu agus jam menuju arah bandara ketapang','01','2018-02-05 11:44:19',NULL,'ervyjulia'),
('0147','144','Midis Pasar tuan tuan','JL. A.R Hakim','Kiri jalan dari arah pasar Pesaguan menuju pasar tuan-tuan','01','2018-02-05 11:46:24',NULL,'ervyjulia'),
('0148','144','Midis Simpang Gejes','JL. S Parman ','Sebelah kiri jalan dari arah kantor bupati menuju arah polres ketapang','01','2018-02-05 11:47:52',NULL,'ervyjulia'),
('0149','144','Midis Pesaguan','JL. Rahadi Ismail (Pasar Pesaguan)','Sebelah Kanan Jalan Dari Arah Ketapang Menuju Arah Kendawangan','01','2018-02-05 11:49:07',NULL,'ervyjulia'),
('0150','144','Midis Pesaguan (kedua)','JL. Rahadi Ismail (Pasar Pesaguan)','Sebelah Kanan Jalan Dari Arah Ketapang Menuju Arah Kendawangan','01','2018-02-05 11:50:25',NULL,'ervyjulia'),
('0151','144','Midis Sandai','JL. Trans kalimantan','Sebelah Kanan Jalan dari Arah Tayan menuju arah Nanga Tayap','01','2018-02-05 11:51:41',NULL,'ervyjulia'),
('0152','144','Baligho Nanga Tayap','JL. Trans kalimantan','Kanan jalan dari arah menuju arah ketapang','01','2018-02-05 11:53:27',NULL,'ervyjulia'),
('0153','144','Baligho Kendawanan','JL. Pangeran Adi Kendawangan','Sebelah kanan dari arah ketapang menuju arah pasar kendawangan','01','2018-02-05 12:01:50',NULL,'ervyjulia'),
('0154','144','Midis Gatot Subroto','JL. Jalan Gatot Subroto Kab, Ketapang','Sebelah Kiri jalan dari arah Tugu agus jam menuju arah ke citymall','01','2018-02-05 12:02:54',NULL,'ervyjulia'),
('0155','144','Midis Gajah Mada/sutoyo','JL. Gajah mada-sutoyo','Sebelah kiri jalan dari arah pusat kota menuju arah pelabuhan ketapang','01','2018-02-05 12:04:13',NULL,'ervyjulia'),
('0156','144','Midis Brigjend Katamso','JL. Brigjend Katamso Ketapang','Sebelah Kanan Jalan dari arah sukadana menuju arah kota ketapang','01','2018-02-05 12:05:25',NULL,'ervyjulia'),
('0157','153','Midis Yam Sabran','JL. Yam Sabran','Sebelah Kanan dari arah Jalan Panglima Aim menuju ke tugu alianyang dan siantan','01','2018-02-05 12:08:17',NULL,'ervyjulia'),
('0158','145','Baleho Tol Kapuas','JL. Adi sucipto ','sebelah kiri jalan dari arah jembatan Tol Kapuas menuju Makodam \r\nTanjung Pura\r\n','01','2018-02-05 12:09:12',NULL,'ervyjulia'),
('0159','145','Midis serdam (syngai raya dalam)','JL. Sungai raya dalam','sebelah kiri jalan dari arah simp lampu merah polda menuju arah sungai raya dalam','01','2018-02-05 12:12:10',NULL,'ervyjulia'),
('0160','148','Baligho Purun','JL. Pontianak-Sei Pinyuh ','sebelah Kanan Jalan dari arah kota Pontianak menuju arah sei Pinyuh','01','2018-02-05 12:13:08',NULL,'ervyjulia'),
('0161','145','Midis Pasar keramat','JL. Raya kuala dua simp 3 pasar keramat','KananJalan dari arah rasau jaya menuju kota pontianak','01','2018-02-05 12:14:09',NULL,'ervyjulia'),
('0162','145','Midis Parit Bugis','JL. Adi sucipto ','sebelah kiri jalan dari arah pukesmas sui durian menuju arah pasar \r\nParit baru','01','2018-02-05 12:15:08',NULL,'ervyjulia'),
('0163','145','Midis Cahaya kapuas','JL. Adi sucipto','Sebelah kiri jalan dari arah Bandara Supadio menuju simp 4 (lampu merah tol 2 kapuas)\r\n','01','2018-02-05 12:16:17',NULL,'ervyjulia'),
('0164','','Midis Karantina Ikan','JL. Arteri Supadio','Sebelah Kiri jalan Dari arah Kota Pontianak Menuju Bandara Supadio','01','2018-02-05 12:22:45',NULL,'ervyjulia'),
('0165','145','Baligho depan dealer daihatsu','JL. A yani 2 ','Sebelah kiri jalan dari arah kota pontianak menuju arah bandara supadio','01','2018-02-05 12:23:59',NULL,'ervyjulia'),
('0166','153','Baligho Cornner','JL. Gajah mada ','Sebelah kiri jalan dari arah Pasar flamboyan menuju kearah  Matahari mall ','01','2018-02-05 12:25:00',NULL,'ervyjulia'),
('0168','145','Midis Cahaya kapuas 2','JL. Arteri supadio','Sebelah kiri jalan dari arah Bandara Supadio menuju arah Kota pontianak','01','2018-02-05 12:27:11',NULL,'ervyjulia'),
('0169','145','Midis Besi tua ambawang','JL. Trans kalimantan','Sebelah kiri jalan dari arah tugu alianyang menuju arah siantan kota pontianak\r\n','01','2018-02-05 12:28:36',NULL,'ervyjulia'),
('0170','152','Baleho PKP MUJAHIDIN','JL. PKP Mujahidin','Sebelah kiri jalan dari arah RSUD menuju arah Polres sintang','01','2018-02-05 12:30:02',NULL,'ervyjulia'),
('0171','152','Baligho Oevang Oeray','JL. Oevang Oeray','Sebelah kanan jalan dari arah Bukit kelam menuju arah simpang lima  sintang','01','2018-02-05 12:38:30',NULL,'ervyjulia'),
('0172','147','Baligho Nanga Pinoh','JL. Juang ','Kiri Jalan Dari kantor bupati  menuju arah perumnas dan pusat kota','01','2018-02-05 12:40:06',NULL,'ervyjulia'),
('0173','150','Midis tayan','JL. Pembangunan Tayan','sebelah kiri jalan dari arah pasar tayan menuju arah penyebrangan kapal fery\r\n','01','2018-02-05 12:41:22',NULL,'ervyjulia'),
('0174','146','Midis Ngabang','JL. Bardan nadi-terminal ngabang','Sebelah kiri jalan dari arah pekantoran pemda menuju ke arah Pasar impres ngabang\r\n','01','2018-02-05 12:42:30',NULL,'ervyjulia'),
('0175','146','Midis Ngabang 2','JL. Pangeran cinata dusun raja ngabang','Kanan jalan dari arah pekantoran menuju keraton dan  terminal ngabang','01','2018-02-05 12:44:49',NULL,'ervyjulia'),
('0176','150','Midis Balai Karangan','JL. Temengung gergaji-Balai karangan','Kiri Jalan dari arah sangau menuju kearah pasar balai dan ke entikong','01','2018-02-05 12:46:33',NULL,'ervyjulia'),
('0177','3','Rumbai - Pekanbaru','Simpang Empat Jl. YOS. Sudarso – Rumbai  ','Sebelah Kiri dari Minas ke Pekanbaru','01','2018-02-05 14:02:30',NULL,'ervyjulia'),
('0178','16','Pertigaan Pasar Pagi Minas ','Pertigaan  Jl. YOS. Sudarso – Pasar Pagi Minas ','Sebelah Kiri dari Pekanbaru ke Minas','01','2018-02-05 14:06:56',NULL,'ervyjulia'),
('0179','3','Depan Arhanudse - Pekanbaru','Pertigaan  Jl. KH. Nasution depan Arhaudse  ','Sebelah Kanan dari Pekanbaru ke Kubang.','01','2018-02-05 14:08:37',NULL,'ervyjulia'),
('0180','8','Danau Bingkuang - Kampar','Pertigaan Jl. Raya Bangkinang (Pasar Danau Bingkuang)  ','Sebelah Kiri dari Pekanbaru ke Bangkinang','01','2018-02-05 14:09:59',NULL,'ervyjulia'),
('0181','16','Terminal Perawang ','Jl. Raya Perawang depan Terminal Perawang ','Sebelah Kanan dari Pekanbaru ke Perawang','01','2018-02-05 14:12:29',NULL,'ervyjulia'),
('0182','15','Simpang TB Ujung Batu','Pertigaan Jl. Raya Ujung Batu (Simpang TB Ujung Batu) ','Sebelah Kanan dari Pekanbaru ke Ujung Batu','01','2018-02-05 14:14:49',NULL,'ervyjulia'),
('0183','45','taman santap gubernur','Jl. Wolter monginsidi (depan kantor pemerintah)','Sebelah Kanan arah menuju kota','01','2018-02-06 12:40:45',NULL,'ervyjulia'),
('0184','45','tirtayasa sukarame','Jl. Tirtaysa sukarame','Sebelah kanan dari jl antasari menuju sukarame','01','2018-02-06 12:43:19',NULL,'ervyjulia'),
('0185','45','pasar tugu','Jl. Hayam wuruk ps tugu','sebelah kanan menuju jl. P.antasari','01','2018-02-06 12:45:30',NULL,'ervyjulia'),
('0186','45','pasar kandis','jl. Ratu di balau way kandis','Kanan jalanmenuju jl.by pass soetta','01','2018-02-06 12:48:27',NULL,'ervyjulia'),
('0188','45','gatot subroto','jl. gatot subroto teluk betung','Kanan jalan dari kota ke teluk betung','01','2018-02-06 13:32:07',NULL,'ervyjulia'),
('0189','45','tanjung karang ','Jl. Ra. Kartini (depan kantor BNI)','Bandho dari jl ra kartini menuju teuku umar','01','2018-02-06 13:33:24',NULL,'ervyjulia'),
('0190','45','pangeran antasari ','Jl. Pangeran antasari','Kiri jalan dari jl p. antasari menuju Bandar lampung','01','2018-02-06 13:35:19',NULL,'ervyjulia'),
('0191','45','teluk betung','Jl. Hasanudin teluk','Kanan jalan dari jl diponegoro menuju teluk','01','2018-02-06 13:37:39',NULL,'ervyjulia'),
('0192','45','tanjung karang 2','Jl. Raden intan (depan gramedia)','kanan jalan dari jl raden intan menuju bunderan gajah','01','2018-02-06 13:38:38',NULL,'ervyjulia'),
('0193','45','raja basa ','Jl. Za. Pagar alam raja basa','kiri jalan dari bunderan raja basa menuju kota','01','2018-02-06 13:39:42',NULL,'ervyjulia'),
('0194','45','kedaton','Jl. Teuku umar','Kiri jalan dari raja basa menuju kota','01','2018-02-06 13:40:44',NULL,'ervyjulia'),
('0195','45','gajah mada','Jl. Gajah mada','kanan jalan dari stadion  menuju jl.gajah mada','01','2018-02-06 13:41:48',NULL,'ervyjulia'),
('0196','46','purwosari','Jl. Sutomo Simp.4 Purwosari','median jalan','01','2018-02-06 13:45:17',NULL,'ervyjulia'),
('0197','46','Tedjosari','Jl. Sutan Syahrir Tedjosari','median jalan','01','2018-02-06 13:46:13',NULL,'ervyjulia'),
('0198','46','Patimura','Jl. Patimura','kanan jalan','01','2018-02-06 13:47:19',NULL,'ervyjulia'),
('0199','46','Bunderan Tugu Pena – simp.4','Tugu Pena Kota Metro','dari jl.jend.sudirman ke jl.ah.nasution','00','2018-02-06 13:48:17',NULL,'ervyjulia'),
('0200','46','terminal 16c','simp.4 depan terminal 16c','kiri jalan menuju jl.jend.sudirman metro','00','2018-02-06 13:49:39',NULL,'ervyjulia'),
('0201','50','way mengaku','Jl. Way mengaku liwa','kiri jalan menuju kota liwa','01','2018-02-06 14:04:37',NULL,'ervyjulia'),
('0202','50','ps air hitam','Jl. Ps air hitam lambar','kiri jalan menuju fajar bulan','01','2018-02-06 14:07:25',NULL,'ervyjulia'),
('0203','54','krui','simp.3 krui – liwa - bengkulu','kiri jalan dari krui','01','2018-02-06 14:34:19',NULL,'ervyjulia'),
('0204','50','liwa','jl.penataran liwa lambar','kanan jalan menuju kota liwa','01','2018-02-06 14:36:54',NULL,'ervyjulia'),
('0205','48','SPBU Sukamenanti','Jl. Sukamenanti Bukit Kemuning (samping SPBU)','kanan jalan','01','2018-02-06 14:38:22',NULL,'ervyjulia'),
('0206','48','Jendral Sudirman','Jl. Jendral Sudirman Kota','sebelah kiri jalan','01','2018-02-06 14:51:11',NULL,'ervyjulia'),
('0207','49','Jati Mulyo Karang Anyar','Jl. Jati Agung Pasar Karang Anyar','kanan jalan','01','2018-02-06 14:58:04',NULL,'ervyjulia'),
('0208','49','Pematang Pasir ','Pasar Pematangan Pasir ','kanan jalan','01','2018-02-06 14:59:18',NULL,'ervyjulia'),
('0209','49','Serma Tami Rahman ','Jl. Simp.3 Tamini Rahman kalianda','kanan jalan','01','2018-02-06 15:01:04',NULL,'ervyjulia'),
('0210','49','Km 74 Rm. Simpang Raya','Km 74 Rm.Simpang Raya Kalianda','kiri jalan','01','2018-02-06 15:02:39',NULL,'ervyjulia'),
('0211','49','Karang Sari','jl.Raya Senopati Karang Sari','median jalan','01','2018-02-06 15:03:36',NULL,'ervyjulia'),
('0212','49','Penengahan Kalianda ','Jl. Penengahan Kalianda','sebelah kiri menuju bandar lampung','01','2018-02-06 15:04:51',NULL,'ervyjulia'),
('0213','49','kalianda','jl.lintas Sumatra lamsel','bandho median jalan','01','2018-02-06 15:08:56',NULL,'ervyjulia'),
('0215','49','kalianda','jl.kusuma bangsa kalianda','kiri jalan','00','2018-02-06 15:10:08',NULL,'ervyjulia'),
('0216','49',' natar','Jl. Lintas Sumatra ( fly over natar )','median jalan','01','2018-02-06 15:12:16',NULL,'ervyjulia'),
('0217','49','natar','Jl. Lintas Sumatra natar','kanan jalan','00','2018-02-06 15:13:48',NULL,'ervyjulia'),
('0218','47','Pungur','Pasar punggur','kanan jalan dari arah pringsewu','01','2018-02-06 15:41:24',NULL,'ervyjulia'),
('0219','47','Kalirejo','Pasar Kalirejo','kanan jalan menuju pringsewu','01','2018-02-06 15:42:28',NULL,'ervyjulia'),
('0220','47','Bangunrejo','Pasar Bangunrejo','kiri jalan','01','2018-02-06 15:43:29',NULL,'ervyjulia'),
('0221','46','Tempuran Trimurejo','jl. Tempuran Trimurejo','kanan jalan menuju kota metro','01','2018-02-06 15:44:31',NULL,'ervyjulia'),
('0222','47','Gunung Sugih','jl.Komp.perkantoran Gunung Sugih','kanan jalan menuju kota metro','01','2018-02-06 15:53:50',NULL,'ervyjulia'),
('0223','47','bandar jaya','jl. plokmator Bandar jaya','sebelah kiri dari Bandar lampung menuju Bandar jaya','01','2018-02-06 15:55:15',NULL,'ervyjulia'),
('0224','47','sidomlyo','jl.raya kota gajah sidomulyo punggur lamteng','kanan jalan dari punggru lamteng','01','2018-02-06 16:18:06',NULL,'ervyjulia'),
('0225','47','Karya Makmur','Jl. Jalinsum Karya Makmur','kiri jalan dari semarang baru','01','2018-02-06 16:19:32',NULL,'ervyjulia'),
('0226','51','Batang Hari','Pasar Batang Hari','kanan jalan menuju kota metro','01','2018-02-06 16:20:43',NULL,'ervyjulia'),
('0227','51','Jalinsum Semarang Baru','Jalan Lintas Semarang Baru','kanan jalan dari karya makmur','01','2018-02-06 16:21:46',NULL,'ervyjulia'),
('0228','51','metro kibang margototo','Pasar Margototo','kiri jalan menuju metro','01','2018-02-06 16:23:05',NULL,'ervyjulia'),
('0229','51','Bumiharjo Batang Hari','Jl. Bumi Harjo','kiri jalan dari punggur','01','2018-02-06 16:24:00',NULL,'ervyjulia'),
('0232','53','Gedongtataan','Jl. A. Yani Gedong Tataan','kiri jalan','01','2018-02-06 16:27:55',NULL,'ervyjulia'),
('0233','55','RM Bu Gundil','Jl. A. Yani RM. Bu Gundil','Kiri jalan menuju Bandar lampung','01','2018-02-08 14:40:42',NULL,'ervyjulia'),
('0234','55','Gading rejo','jl. A. yani  Ps. Gading Rejo','kiri jalan menuju kota agung','01','2018-02-08 14:41:54',NULL,'ervyjulia'),
('0235','55','Pasar Sukoharjo','jl. Raya sukoharjo Ps. Sukoharjo','Kanan jalan dari pringsewu ','01','2018-02-08 14:42:53',NULL,'ervyjulia'),
('0236','55','Pasar ambarawa','Pasar ambarawa','median jalan dari pringsewu','01','2018-02-08 14:48:53',NULL,'ervyjulia'),
('0237','55','Pringsewu sukoharjo','jl.Raya Pringsewu - Sukoharjo','kanan jalan menuju pringsewu','01','2018-02-08 14:49:55',NULL,'ervyjulia'),
('0238','55','Ps Bandung Baru ','Pasar Bandung Baru','kiri jalan menuju pringsewu','01','2018-02-08 14:58:20',NULL,'ervyjulia'),
('0239','55','Pringsewu ','Jl. A. Yani Pringsewu','kanan jalan menuju pringsewu','01','2018-02-08 15:30:09',NULL,'ervyjulia'),
('0240','58','talang padang','spbu talang padang','kiri jalan menuju kota agung','01','2018-02-08 15:31:44',NULL,'ervyjulia'),
('0241','58',' wonosobo','Pasar wonosobo','kiri jalan dari kota agung','01','2018-02-08 15:32:48',NULL,'ervyjulia'),
('0242','58','gisting','pasar gisting','kiri jalan menuju kota agung','01','2018-02-08 15:33:59',NULL,'ervyjulia'),
('0243','58','kota agung','jl.merdeka komplek pasar madang kota agung','kiri jalan menuju jl.juanda ','01','2018-02-08 15:53:58',NULL,'ervyjulia'),
('0244','59','daya murni','pasar daya murni','kiri jalan menuju menggala','01','2018-02-08 15:57:33',NULL,'ervyjulia'),
('0245','57','rawajitu','rawajitu','kanan jalan menuju pasar rawa jitu','01','2018-02-08 16:01:12',NULL,'ervyjulia'),
('0251','82','JPO  Bekasi  Barat','Jl. Tol Jakarta - Cikampek Km. 12 + 600 B, Bekasi Barat - Kota Bekasi','Median Jalan dari arah nCikarang menuju Cawang/Jakarta','01','2018-02-06 11:13:10',NULL,'samino'),
('0252','75','JPO Cibitung','Jl. Tol Jakarta-Cikampek Km. 17+700 A, Cibitung - Kab. Bekasi','Median Jalan dari Bekasi menuju Cikarang / Cikampek','01','2018-02-06 11:17:10',NULL,'samino'),
('0253','75','JPO Cibitung','Jl. Tol Jakarta-Cikampek Km. 22+800 A, Cibitung - Kab. Bekasi','Median Jalan dari Bekasi menuju Cikampek.','01','2018-02-06 11:31:08',NULL,'samino'),
('0254','75','Billboard Cikarang','Jalan Tol Jakarta-Cikampek Km. 33+200 A, Cikarang - Kab. Bekasi','Sebelah Kiri Jalan dari Bekasi menuju Cikampek.','01','2018-02-06 11:46:03',NULL,'samino'),
('0255','75','Billboard Cibatu','Jalan Tol Jakarta-Cikampek Km. 33+850 A, Cibatu - Kab. Bekasi','Sebelah Kiri arah dari Bekasi menuju Cikampek','00','2018-02-06 11:50:07',NULL,'samino'),
('0256','75','Billboard Cibatu','Jalan Tol Jakarta-Cikampek Km. 34+700 A, Cibatu - Kab. Bekasi','Sebelah kiri arah dari Cikarang menuju Cikampek','01','2018-02-06 12:01:29',NULL,'samino'),
('0257','75','Billboard Cibatu','Jalan Tol Jakarta-Cikampek Km. 35+00 B, Cibatu - Kabupaten Bekasi','Sebelah kiri arag dari Cikampek menuju Jakarta','01','2018-02-06 12:03:40',NULL,'samino'),
('0258','75','Billboard Depan Gerbang Cibatu','Jalan Tol Jakarta-Cikampek Depan Gerban Cibatu, Cibatu - Kab. Bekasi','Sebelah kiri arah dari Tol Cikampek menuju Jababeka/Lippo Cikarang','01','2018-02-06 12:06:47',NULL,'samino'),
('0259','75','Billboard blk Gerbang Cibatu','Jalan Tol Jakarta-Cikampek belakng Gerbang Tol Cibatu, Cibatu - Kab. Bekasi','Sebelah kiri arah dr Tol Cikampek menuju Jababeka/Lippo Cikarang-Meikarta','01','2018-02-06 12:09:36',NULL,'samino'),
('0260','73','Billboard Dawuan','Jalan Tol Jakarta-Cikampek Km. 65+400 B, Dawuan, Cikampek Kab. Purwakarta','Sebelah kiri arah dari Cikampek menuju Jakarta','01','2018-02-06 13:46:42',NULL,'samino'),
('0261','74','Baliho Exit Tol Kerawang Timur','Jalan Tol Jakarta-Cikampek Exit Tol Kerawang Timur, Klari - Kab. Kerawang','Sebelah kiri arah dari Exit Tol Kerawang Timur menuju Klari','01','2018-02-06 13:53:41',NULL,'samino'),
('0262','74','Baliho Exit Kerawang Barat','Jalan Tol Jakarta-Cikampek Exit Tol Kerawang Barat, Kerawang','Sebelah kiri arah dari Exit Kerawang Barat menuju Kota','01','2018-02-06 14:31:56',NULL,'samino'),
('0263','91','JPO Karang Tengah','Jalan Tol Jakarta-Tangerang Km. 12+900 B, Kota Tangerang - Banten','Median Jalan arah dari Tangerang menuju Kebo Jeruk/Jakarta','01','2018-02-06 15:08:09',NULL,'samino'),
('0264','91','JPO Karang Tengah 2','Jalan Tol Jakart-Tangerang Km. 13+200 B, Tangerang - Banten','Median Jalan arah dari Tangerang menuju Kebon Jeruk/Jakarta','01','2018-02-06 15:10:49',NULL,'samino'),
('0265','91','JPO Tangerang','Jalan Tol Jakarta-Merak Km. 16+500 A, Tangerang - Banten','Median Jalan arah dari Jakarta menuju Tangerang','01','2018-02-06 15:15:00',NULL,'samino'),
('0266','92','Billboard Merak','Jalan Raya Merak samping Flyover Merak, Merak - Banten','Sebelah kiri arah dari Cilegon menuju Merak','01','2018-02-06 15:19:39',NULL,'samino'),
('0267','91','Billboard Bandara','Jalan Tol Prof. Dr. Ir. Sedyatmo Km. 31+090 B, Rawa Bokor, Tangerang - Banten','Sebelah kiri arah dari Bandara Soetta menuju Jakarta','01','2018-02-06 15:22:55',NULL,'samino'),
('0268','91','Billboard Bandara','Jalan Raya Airport Bandara Soetta Km. 33+00 A, Rawa Bokor  Tangerang - Banten','Sebelah kiri arah dari Jakarta menuju Bandara','01','2018-02-06 15:28:52',NULL,'samino'),
('0269','91','Billboard Bandara','Jalan Raya Airport Bandara Soekarno-Hatta Km. 32+975 B, Rawa Bokor Tangerang - Banten','Sebelah kiri arah dari Bandara menuju Jakarta','01','2018-02-06 15:32:14',NULL,'samino'),
('030','51','Kedondong','Pasar Kedondong Pesawaran','kiri jalan','01','2018-02-06 16:25:04',NULL,'ervyjulia'),
('031','53','Umbul Kluwih','Pasar Umbul Kluwih','kiri jalan','01','2018-02-06 16:26:21',NULL,'ervyjulia'),
('034-1','27','BILLBOARD D MLD','Jl. Jend.Sudirman Psr.Pucuk - Baturaja','Sebelah KIRI jalan dari arah Pasar Inpress menuju Stasiun   Baturaja\r\n','01','2018-01-10 14:14:50',NULL,'samino'),
('034-2','35','BILLBOARD DJARUM','Jl. Jend.Sudirman Simp.Bemban Kec.Muara Enim','Sebelah KIRI jalan arah dari taman Muara Enim ke arah Lahat Kota','01','2018-01-11 12:04:23',NULL,'samino'),
('034-3','35','BILLBOARD DJARUM MLD','Tj. Enim Ds. Tegal Rejo (Depan Bengkel Motor CRP)   Kec.Lawang Kidul Muara Enim\r\n','Sebelah KIRI jalan arah dari Kota Muara Enim ke arah Baturaja','01','2018-01-11 12:35:09','2018-01-11 12:47:14','samino'),
('034-4','42','BILLBOARD DJARUM LA','Jl. Jend.Sudirman Simpang 3 Pasar Muara Dua OKUS','Sebelah KIRI jalan arah dari Pemda OKUS ke arah Pasar Inpress Muaradua','01','2018-01-11 12:38:36',NULL,'samino'),
('034-5','43','BILLBOARD D SUPER MLD',': Jl. Raya Belitang BK X Depan Polsek Belitang,   Kab. OKU Timur\r\n','Sebelah KIRI jalan dari arah Baturaja ke arah pasar Gumawang Belitang – OKUT','01','2018-01-11 12:42:00',NULL,'samino'),
('034-6','29','BILLBOARD D SUPER MLD','Ds. Tumbak Ulas Kec.Pagar Alam Sum-Sel','SIDE A sebelah kanan jalan dari arah Simpang Manna menuju ke Pasar Pagar Alam,\r\nSIDE B sebelah kiri dari arah Pasar Pagar Alam menuju ke arah Simpang Manna ','01','2018-01-11 12:44:56','2018-01-11 12:55:25','samino'),
('034-7','27','VIDEOTRON DJARUM','Jl. Setiabudi Simpang Polres Baturaja','Sebelah KANAN jalan arah dari Pasar Baru Baturaja ke     arah Taman Kota Baturaja','01','2018-01-11 12:58:14',NULL,'samino'),
('034-8','31','VIDEOTRON D LA','Simpang 3 Patung Kuda-Jln. Jend.Sudirman Prabumulih','Sebelah KIRI jalan dari arah Pemda Prabumulih ke Arah Pasar Prabumulih','01','2018-01-11 13:00:42',NULL,'samino'),
('034-9','27','BALIHO D SUPER','Jl. Garuda simpang M. Hatta Baturaja, Kab. OKU','Sebelah KIRI jalan dari Jl.Lintas Garuda arah GOR Baturaja ke arah Simpang 4 Air Paoh Baturaja','01','2018-01-11 13:03:03',NULL,'samino'),
('261','144','Simpang 3 Pelang','Simpang 3 Pelang, Ketapang','','01','2018-06-04 13:07:08',NULL,'ervyjulia'),
('42','27','Pasar Inpress Baturaja','Jl.Jend.Sudirman (Pasar Pucuk BTA)','Sebelah KIRI jalan dari arah Pasar Inpress menuju Stasiun \r\n  Baturaja\r\n','01','2018-02-02 13:40:34',NULL,'ervyjulia'),
('Bengk','17','Bundaran Prof. M. Yamin','Jl. M. Yamin (Bundaran Prof. M. Yamin)','Sebelah Kiri Jalan dari arah Jl. KH. Ahmad Dahlan menuju Jl. M Yamin','01','2018-07-18 15:58:53',NULL,'DINI'),
('bkl','17','Jl. Danau Raya (Depan Dona Motor)','Jl. Danau Raya (Depan Dona Motor)','Sebelah KIRI Jalan dari Simp. Padang Harapan menuju Simp. \r\nPanorama dan sebelah KANAN dari Simp. Panorama menuju ke     \r\narah Simp.  Padang Harapan\r\n','01','2018-07-18 16:03:09',NULL,'DINI'),
('bkl 0','17','Jl. Kalimantan (Rawa Makmur)','Jl. Kalimantan (Rawa Makmur)','Sebelah KIRI Jalan dari arah Pom Bensin Jl. Kalimantan / UNIB\r\n  menuju Ke arah Simp 4 / arah Pom Bensin Kampung Bali\r\n','01','2018-07-18 16:05:49',NULL,'DINI'),
('CBG45','45','Jl. Natar / Jl. Jend Al','Jl. Natar / Jl. Jend. Alamsyah Ratu Perwira Negara Natar','','01','2018-06-04 12:40:14',NULL,'dini'),
('pnk00','150','Simpang Tanjung, Sanggau','Jl. Raya Sosok, Sanggau','','01','2018-06-04 13:08:59',NULL,'ervyjulia'),
('ptk','144','JL. Brigjend Katamso Ketapang','JL. Brigjend Katamso Ketapang','Sebelah Kanan Jalan dari arah sukadana menuju arah kota ketapang.','01','2018-06-08 11:20:15',NULL,'dini');

/*Table structure for table `m_lokasi_file` */

DROP TABLE IF EXISTS `m_lokasi_file`;

CREATE TABLE `m_lokasi_file` (
  `idlokasifile` int(11) NOT NULL AUTO_INCREMENT,
  `idlokasi` int(11) DEFAULT NULL,
  `idijin` int(11) DEFAULT NULL,
  `keterangan` text,
  `file_upload` varchar(50) DEFAULT NULL,
  `date_create` datetime DEFAULT NULL,
  `user_create` varchar(25) DEFAULT NULL,
  `status` varchar(50) DEFAULT NULL,
  PRIMARY KEY (`idlokasifile`)
) ENGINE=InnoDB DEFAULT CHARSET=latin1;

/*Data for the table `m_lokasi_file` */

/*Table structure for table `m_lokasi_ijin` */

DROP TABLE IF EXISTS `m_lokasi_ijin`;

CREATE TABLE `m_lokasi_ijin` (
  `idijin` int(11) NOT NULL AUTO_INCREMENT,
  `kdlokasi` varchar(25) DEFAULT NULL,
  `tgl_ijin` date DEFAULT NULL,
  `tgl_akhir` date DEFAULT NULL,
  `nominal` varchar(50) DEFAULT NULL,
  `date_create` datetime DEFAULT NULL,
  `user_create` varchar(15) DEFAULT NULL,
  `nomor_ijin` varchar(50) DEFAULT NULL,
  PRIMARY KEY (`idijin`)
) ENGINE=InnoDB AUTO_INCREMENT=127 DEFAULT CHARSET=latin1;

/*Data for the table `m_lokasi_ijin` */

insert  into `m_lokasi_ijin`(`idijin`,`kdlokasi`,`tgl_ijin`,`tgl_akhir`,`nominal`,`date_create`,`user_create`,`nomor_ijin`) values 
(1,'0252','2017-08-01','2018-07-31','30.187.500','2018-03-27 16:32:43','dini','007625/SKPD/04/1/2017'),
(2,'0269','2017-04-15','2018-04-14','28.800.000','2018-04-02 11:05:19','DINI','973/000621-BPKDA/IV/IV/II/2017'),
(3,'0268','2017-07-14','2018-04-15','28.800.000','2018-04-02 11:10:51','DINI','973/003652-BPKD/IV/VII/VIII/2017'),
(4,'0266','2017-07-14','2018-07-15','16.600.000','2018-04-02 11:24:24','DINI','7675/20170107675'),
(5,'0257','2017-09-24','2018-04-25','91.080.000','2018-04-02 11:36:25','DINI','009828/SKPD/04/I/2017'),
(6,'0256','2017-09-24','2018-04-25','91.080.000','2018-04-02 11:39:38','DINI','009827/SKPD/04/I/2017'),
(7,'0253','2017-07-22','2018-04-22','30.187.500','2018-04-02 12:57:31','DINI','007624/SKPD/04/I/2017'),
(8,'0252','2017-07-21','2018-07-22','30.187.500','2018-04-02 13:09:25','DINI','007625/SKPD/04/I/2017'),
(9,'006-3','2017-07-31','2018-04-30','157.300.000','2018-04-02 14:54:30','DINI','011710170802300754'),
(10,'010-7','2017-04-15','2018-04-14','11.550.000','2018-04-02 15:07:25','DINI','007111'),
(11,'034-8','2017-09-26','2018-09-26','4.770.000','2018-04-03 10:46:29','dini','004603'),
(12,'034-2','2017-10-29','2018-10-29','8.575.000','2018-04-03 10:49:09','dini','117'),
(13,'010-4','2017-04-15','2018-04-16','11.550.000','2018-04-03 10:58:38','dini','007111'),
(14,'034-4','2017-01-09','2018-08-31','5.840.000','2018-04-03 11:17:09','dini','900000109/REK/17'),
(15,'034-5','2017-06-25','2018-06-26','9.000.000','2018-04-03 11:29:02','dini','0679'),
(16,'034-9','2017-10-03','2018-10-03','3.285.000','2018-04-03 11:34:28','dini','2017'),
(17,'0044','2017-09-01','2018-08-31','5.840.000','2018-04-03 13:20:24','dini','900000109'),
(18,'0049','2017-10-03','2018-10-03','3.285.000','2018-04-03 13:23:11','dini','2017'),
(19,'0045','2017-06-12','2018-06-12','9.000.000','2018-04-03 13:32:25','dini','0679'),
(20,'0068','2017-11-10','2018-11-11','4.450.000','2018-04-03 13:48:05','dini','2017'),
(21,'0069','2017-11-10','2018-11-11','8.650.000','2018-04-03 13:49:50','dini','2017'),
(22,'0070','2017-04-01','2018-03-31','3.285.000','2018-04-03 13:52:27','dini','054'),
(23,'0067','2017-11-28','2018-11-29','4.450.000','2018-04-03 13:55:52','dini','2017'),
(24,'0065','2017-04-11','2018-04-10','3.400.000','2018-04-03 14:17:49','dini','2017'),
(25,'0064','2017-04-11','2018-04-10','3.400.000','2018-04-03 14:19:40','dini','2017'),
(26,'0071','2017-04-01','2018-03-31','4.106.250','2018-04-03 14:22:44','dini','2017'),
(27,'0072','2017-09-01','2018-08-31','4.380.000','2018-04-03 14:24:04','dini','2017'),
(28,'0089','2017-06-03','2018-06-03','2.190.000','2018-04-04 09:15:03','dini','2017'),
(29,'010-6','2017-05-01','2018-04-30','38.475.000','2018-04-04 11:14:08','dini','2017.08.01.00109'),
(30,'010','2017-10-01','2018-09-30','16.200.000','2018-04-04 11:18:08','dini','00495'),
(31,'010-2','2017-10-01','2018-09-30','50.625.000','2018-04-04 11:21:12','dini','00496'),
(32,'010-3','2017-11-01','2018-04-30','25.312.500','2018-04-04 11:24:19','dini','00497'),
(33,'0080','2017-10-03','2018-10-03','3.285.000','2018-04-04 12:00:49','dini','2017'),
(34,'0063','2017-10-25','2018-10-25','2.190.000','2018-04-04 12:14:24','dini','2017'),
(35,'0062','2017-06-03','2018-06-03','2.190.000','2018-04-04 12:16:08','dini','2017'),
(36,'0061','2017-03-02','2018-03-02','1.642.000','2018-04-04 12:19:00','dini','256'),
(37,'0059','2017-10-03','2018-10-03','3.285.000','2018-04-04 12:21:25','dini','2017'),
(38,'0056','2017-10-03','2018-10-03','2.463.750','2018-04-04 12:23:53','dini','2017'),
(39,'0055','2017-10-03','2018-10-03','2.463.750','2018-04-04 12:24:58','dini','2017'),
(40,'0054','2017-10-03','2018-10-03','2.463.750','2018-04-04 12:26:18','dini','2017'),
(41,'0051','2017-10-03','2018-10-03','3.285.000','2018-04-04 12:56:30','dini','2017'),
(42,'0050','2017-10-03','2018-10-03','6.570.000','2018-04-04 12:58:11','dini','2017'),
(43,'0053','2017-10-03','2018-10-03','3.285.000','2018-04-04 13:02:15','dini','2017'),
(44,'006-2','2017-08-18','2018-08-18','108.680.000','2018-04-04 13:09:38','dini','011801230802280179'),
(45,'0057','2017-10-03','2018-10-03','2.463.750','2018-04-04 13:23:17','dini','2017'),
(46,'0052','2017-10-03','2018-10-03','5.475.000','2018-04-04 14:13:26','dini','2017'),
(47,'0134','2017-08-05','2018-08-04','2.400.000','2018-04-04 14:24:02','dini','0027'),
(48,'0129','2017-03-01','2018-03-01','1.975.500','2018-04-04 14:29:39','dini','007205'),
(49,'0129','2018-03-01','2019-03-01','1.975.500','2018-04-04 14:35:18','dini','2018'),
(50,'0128','2018-03-01','2019-03-01','1.982.500','2018-04-04 14:37:04','dini','2018'),
(51,'0127','2018-03-01','2019-03-01','970.000','2018-04-04 14:38:43','dini','007206'),
(52,'0126','2017-08-28','2018-08-28','1.932.500','2018-04-04 14:40:35','dini','004604'),
(53,'0124','2017-07-06','2018-07-06','3.575.000','2018-04-04 14:43:03','dini','490'),
(54,'0123','2017-04-22','2018-04-22','1.957.500','2018-04-04 14:46:17','dini','00297'),
(55,'0122','2017-04-22','2018-04-22','1.957.000','2018-04-04 14:48:31','dini','807'),
(56,'0121','2017-04-22','2018-04-22','1.957.000','2018-04-04 15:03:51','dini','805'),
(57,'0120','0017-04-22','2018-04-22','2.520.000','2018-04-04 15:08:48','dini','806'),
(58,'0119','2018-01-11','2019-01-11','2.495.000','2018-04-04 15:10:18','dini','007201'),
(59,'0117','2018-01-11','2019-01-11','2.495.000','2018-04-04 15:14:14','dini','007202'),
(60,'0115','2017-06-08','2018-06-08','500.000','2018-04-04 15:18:51','dini','038'),
(61,'0113','2017-08-01','2018-08-01','1.500.000','2018-04-04 15:21:09','dini','044'),
(62,'0112','2017-08-01','2018-08-01','1.500.000','2018-04-04 15:22:43','dini','044'),
(63,'0111','2018-02-05','2019-02-05','1.800.000','2018-04-04 15:32:25','dini','005'),
(64,'0109','2018-01-01','2019-01-01','2.515.500','2018-04-04 15:36:11','dini','00296/SKPD/04/01/2018'),
(65,'0108','2017-12-01','2018-12-01','1.118.000','2018-04-04 15:38:22','dini','003232/skpd/04/01'),
(66,'0107','2017-12-01','2018-12-01','1.118.000','2018-04-04 15:40:30','dini','003232/SKPD/04/01'),
(67,'0106','2017-12-01','2018-12-01','1.118.000','2018-04-04 15:42:09','dini','003232/SKPD/04/01'),
(68,'0105','2017-12-01','2018-12-01','1.118.000','2018-04-04 15:43:19','dini','003232/SKPD/04/01'),
(69,'0104','2017-10-01','2018-10-01','3.354.000','2018-04-04 15:46:04','dini','003230/SKPD/04/1/2017'),
(70,'0103','2017-10-01','2018-10-01','3.354.000','2018-04-04 15:47:00','dini','003230/SKPD/04/1/2017'),
(71,'0102','2017-10-01','2018-10-01','3.354.000','2018-04-04 15:47:58','dini','003230/SKPD/04/1/2017'),
(72,'0101','2017-10-01','2018-10-01','3.354.000','2018-04-04 15:49:04','dini','003230/SKPD/04/1/2017'),
(73,'0100','2017-10-01','2018-10-01','3.354.000','2018-04-04 15:50:09','dini','003230/SKPD/04/01/2017'),
(74,'0099','2017-05-13','2018-05-13','3.575.000','2018-04-04 15:52:03','dini','324'),
(75,'0098','2017-05-13','2018-05-13','3.575.000','2018-04-04 15:53:34','dini','325'),
(76,'0097','2017-05-13','2018-05-13','2.377.500','2018-04-04 15:55:32','dini','326'),
(77,'0096','2017-05-13','2018-05-13','1.138.750','2018-04-04 15:56:51','dini','330'),
(78,'0094','2017-05-13','2018-05-13','1.138.750','2018-04-04 15:59:00','dini','331'),
(79,'0093','2018-01-29','2019-01-29','3.575.000','2018-04-04 16:02:42','dini','085'),
(80,'0092','2017-07-15','2018-07-15','1.163.750','2018-04-04 16:04:31','dini','539'),
(81,'0091','2017-07-15','2018-07-15','1.163.750','2018-04-04 16:05:46','dini','538'),
(82,'0090','2017-06-13','2018-06-13','3.575.000','2018-04-04 16:07:31','dini','405'),
(83,'0046','2017-11-01','2018-11-02','6.250.000','2018-04-04 16:12:48','dini','150'),
(84,'0267','2017-07-15','2018-07-15','20.000.000','2018-04-04 16:19:39','dini','973/003984/SKPD/IV/IV/VIII/2017'),
(85,'0142','2018-01-07','2019-01-07','2.405.162','2018-04-04 16:37:37','dini','286'),
(86,'0144','2018-01-07','2019-01-07','7.046.255','2018-04-04 16:41:48','dini','185'),
(87,'0145','2017-12-27','2018-12-27','2.371.500','2018-04-04 16:44:05','dini','001'),
(88,'013-4','2018-01-07','2019-01-07','7.046.255','2018-04-05 15:05:23','dini','201800185'),
(89,'0143','2017-12-27','2018-12-28','2.371.500','2018-04-05 15:14:12','dini','002'),
(90,'0265','2017-10-24','2018-10-25','44.000.000','2018-05-28 14:14:59','dini','20180400908'),
(91,'0237','2016-12-30','2017-12-29','1617187','2018-05-30 09:55:10','dini','2016'),
(92,'0238','2017-05-31','2018-05-31','1617180','2018-05-30 09:57:08','dini','2017'),
(93,'0239','2017-11-30','2018-11-30','2.156.250','2018-05-30 09:59:56','dini','2017'),
(94,'0242','2017-12-08','2018-12-08','1.620.000','2018-05-30 10:55:25','dini','2017'),
(95,'0241','2017-11-07','2018-11-07','1.620.000','2018-05-30 10:57:45','dini','97/09/11/44/2017'),
(96,'0243','2017-11-11','2018-11-11','1.215.000','2018-05-30 11:00:30','dini','108/11/44/2017'),
(97,'0221','2017-08-18','2018-08-18','2.381.400','2018-05-30 13:41:53','dini','040006249'),
(98,'0240','2016-11-07','2017-11-07','1.620.000','2018-05-30 15:21:15','dini','96/10/31/2016'),
(99,'0236','2017-12-06','2018-12-06','2.156.250','2018-05-30 15:25:46','dini','2017'),
(100,'0235','2017-07-31','2018-07-31','2.156.250','2018-05-30 15:30:20','dini','2017'),
(101,'0233','2017-11-30','2018-11-30','2.156.250','2018-05-30 15:34:50','dini','2017'),
(102,'0043','2018-01-29','2019-01-29','8.575.000','2018-05-31 09:26:25','DINI','117  Djarum Bemban'),
(103,'0073','2017-12-30','2018-12-30','4.380.000','2018-05-31 09:32:54','DINI','Djarum Desa Kisau'),
(104,'0076','2017-11-30','2018-11-30','8.650.000','2018-05-31 09:37:07','DINI','2017 Djarum Desa Petanggan'),
(105,'0075','2017-04-30','2018-04-30','3.400.000','2018-05-31 09:40:32','DINI','2017 Djarum Sidodadi BK 10'),
(106,'0110','2018-01-01','2019-01-01','6.149.000','2018-05-31 10:26:23','DINI','00296 Kol Burlian'),
(107,'0114','2017-08-01','2018-08-01','1.500.000','2018-05-31 10:32:00','DINI','2017 Gunung Gare/Dempo Kota Pagar Alam'),
(108,'0116','2018-02-05','2019-02-05','1.800.000','2018-05-31 10:40:08','DINI','2018 Simpang Manna'),
(109,'0118','2018-01-11','2019-01-11','2.495.000','2018-05-31 10:43:25','DINI','2018 Gunung Kumala Prabumulih'),
(110,'0125','2017-08-04','2018-08-04','2.400.000','2018-05-31 10:48:58','DINI','2017 Indralaya Jl. Lintas Palembang'),
(111,'0263','2018-02-15','2018-08-15','77.168.000','2018-06-06 09:32:45','dini','Bli-Bli'),
(112,'0260','2018-02-21','2019-02-20','83.520.000','2018-06-06 09:35:32','dini','Rs. Lira Medika'),
(113,'0232','2017-12-15','2018-12-15','2.695.312','2018-06-06 10:32:14','DINI','Jl. A. Yani Gedung Tataan'),
(114,'0234','2017-11-29','2018-11-29','2.156.250','2018-06-06 10:36:45','DINI','Pasar Gading Rejo'),
(115,'0228','2017-08-29','2018-08-29','2.340.000','2018-06-06 12:51:27','DINI','margototo'),
(116,'0245','2017-05-31','2018-05-31','1.299.000','2018-06-06 12:54:31','DINI','rawajitu'),
(117,'030','2017-07-31','2018-07-31','2.687.000','2018-06-06 12:57:54','DINI','Ps. Kedondong'),
(118,'031','2017-07-31','2018-07-31','2.587.500','2018-06-06 13:00:19','DINI','Ps. Umbul Kluwih'),
(119,'034-3','2018-01-29','2018-01-29','3.575.000','2018-06-06 13:16:07','DINI','Tj. Enim'),
(120,'034-6','2017-11-30','2018-11-29','6.250.000','2018-06-06 14:36:45','DINI','Desa Tumbak ulas'),
(121,'0048','2017-09-26','2018-09-26','4.770.000','2018-06-07 13:07:33','dini','Videotron Patung Kuda'),
(122,'0183','2017-11-10','2018-11-10','20.104.200','2018-06-08 14:15:14','dini','WOLTER MONGONSIDI'),
(123,'0184','2017-11-10','2018-11-10','20.104.200','2018-06-08 14:16:54','dini','Jl. Tirtayasa - Balam'),
(124,'0185','2017-06-22','2018-06-22','15.669.450','2018-06-08 14:18:44','dini','Hayam Wuruk'),
(125,'42','2018-04-02','2019-04-02','9855000','2018-07-04 09:25:53','dini','DJARUM Pucuk Jl Jend Sudirman (Pasat atas Bta)'),
(126,'0206','2018-05-14','2019-05-14','3.375.000','2018-07-06 15:18:18','dini','180/REK/PK/2018 Djarum Lampung Jl Jend Sudirman');

/*Table structure for table `m_lokasi_ijin_file` */

DROP TABLE IF EXISTS `m_lokasi_ijin_file`;

CREATE TABLE `m_lokasi_ijin_file` (
  `idijinfile` int(11) NOT NULL AUTO_INCREMENT,
  `idijin` int(11) DEFAULT NULL,
  `fileupload` varchar(255) DEFAULT NULL,
  `date_create` datetime DEFAULT NULL,
  PRIMARY KEY (`idijinfile`)
) ENGINE=InnoDB AUTO_INCREMENT=404 DEFAULT CHARSET=latin1;

/*Data for the table `m_lokasi_ijin_file` */

insert  into `m_lokasi_ijin_file`(`idijinfile`,`idijin`,`fileupload`,`date_create`) values 
(1,10,'http://192.168.1.18/upload/lokasi/IMG-20171116-WA0004.jpg','2017-12-04 13:06:29'),
(2,88,'http://192.168.1.18/upload/lokasi/33.png','2017-12-04 13:43:53'),
(3,0,'http://192.168.1.18/upload/lokasi/147383972057d902688980b.png','2017-12-04 13:44:48'),
(4,10,'http://192.168.1.18/upload/lokasi/IMG-20171116-WA0001.jpg','2017-12-04 13:47:52'),
(5,10,'http://192.168.1.18/upload/lokasi/IMG_6749.JPG','2017-12-04 13:53:38'),
(6,10,'http://192.168.1.18/upload/lokasi/IMG-20171204-WA0025.jpg','2017-12-04 15:24:55'),
(7,6,'http://192.168.1.18/upload/lokasi/IMG-20171204-WA0025.jpg','2017-12-04 15:33:35'),
(8,6,'http://192.168.1.18/upload/lokasi/IMG_4182.JPG','2017-12-11 13:49:51'),
(9,6,'http://192.168.1.18/upload/lokasi/IMG_3679.JPG','2017-12-11 13:57:46'),
(10,6,'http://192.168.1.18/upload/lokasi/IMG_20171129_104340.jpg','2017-12-11 14:07:15'),
(11,10,'http://192.168.1.18/upload/lokasi/JPO JL TOL JAGORAWI KM 16+200.JPG','2017-12-11 14:19:36'),
(12,10,'http://192.168.1.18/upload/lokasi/PERTAMINA.jpg','2017-12-11 14:46:55'),
(13,10,'http://192.168.1.18/upload/lokasi/IMG_7106.JPG','2017-12-11 14:58:22'),
(14,6,'http://192.168.1.18/upload/lokasi/16+200.jpg','2017-12-11 16:04:24'),
(15,10,'http://192.168.1.18/upload/lokasi/16+200.jpg','2017-12-11 16:08:41'),
(16,10,'http://192.168.1.18/upload/lokasi/meikarta cikunir.jpg','2017-12-18 15:41:01'),
(17,10,'http://192.168.1.18/upload/lokasi/IMG_6829.JPG','2017-12-18 15:44:53'),
(18,10,'http://192.168.1.18/upload/lokasi/IMG_9100.JPG','2017-12-18 15:52:21'),
(19,5,'http://192.168.1.18/upload/lokasi/Bundaran M. Yamin.jpg','2018-01-08 12:53:30'),
(20,5,'http://192.168.1.18/upload/lokasi/simp. 4 m. yamin.jpg','2018-01-08 12:57:40'),
(21,5,'http://192.168.1.18/upload/lokasi/unit terminal 1.jpg','2018-01-08 13:01:42'),
(22,5,'http://192.168.1.18/upload/lokasi/unit 3 baliho kosong.jpg','2018-01-08 13:07:01'),
(23,5,'http://192.168.1.18/upload/lokasi/bill. kosong curup.jpg','2018-01-08 13:13:15'),
(24,5,'http://192.168.1.18/upload/lokasi/simp. 3 sukaraja.jpg','2018-01-08 13:19:13'),
(25,5,'http://192.168.1.18/upload/lokasi/bukit kaba.jpg','2018-01-08 13:23:06'),
(26,5,'http://192.168.1.18/upload/lokasi/bundaran tg kesehatan.jpg','2018-01-08 13:26:33'),
(27,5,'http://192.168.1.18/upload/lokasi/ps. kepahiyang.jpg','2018-01-08 13:31:12'),
(28,0,'http://localhost/upload/lokasi/Capture.PNG','2018-01-10 12:05:22'),
(29,18,'http://192.168.1.18/upload/lokasi/jl. yos sudarso.jpg','2018-01-10 13:33:50'),
(30,18,'http://192.168.1.18/upload/lokasi/ps pagi minas.jpg','2018-01-10 13:36:53'),
(31,18,'http://192.168.1.18/upload/lokasi/JL. NASUTION.jpg','2018-01-10 13:39:28'),
(32,18,'http://192.168.1.18/upload/lokasi/BANGKINANG.jpg','2018-01-10 13:42:01'),
(33,18,'http://192.168.1.18/upload/lokasi/PERAWANG.jpg','2018-01-10 13:48:56'),
(34,34,'http://192.168.1.18/upload/lokasi/ps. pucuk.jpg','2018-01-10 14:14:50'),
(35,34,'http://192.168.1.18/upload/lokasi/muara enim.jpg','2018-01-11 12:04:23'),
(36,34,'http://192.168.1.18/upload/lokasi/lawang kidul.jpg','2018-01-11 12:35:09'),
(37,34,'http://192.168.1.18/upload/lokasi/muara dua.jpg','2018-01-11 12:38:36'),
(38,34,'http://192.168.1.18/upload/lokasi/belitang.jpg','2018-01-11 12:42:00'),
(39,34,'http://192.168.1.18/upload/lokasi/pagar alam.jpg','2018-01-11 12:44:56'),
(40,34,'http://192.168.1.18/upload/lokasi/videotron.jpg','2018-01-11 12:58:14'),
(41,34,'http://192.168.1.18/upload/lokasi/videotron PRABUMULIH.jpg','2018-01-11 13:00:42'),
(42,34,'http://192.168.1.18/upload/lokasi/baliho d super.jpg','2018-01-11 13:03:03'),
(43,13,'http://192.168.1.18/upload/lokasi/baliho cakra a yani 2.jpg','2018-01-17 09:41:16'),
(44,13,'http://192.168.1.18/upload/lokasi/b. redbold.jpg','2018-01-17 09:45:39'),
(45,13,'http://192.168.1.18/upload/lokasi/jungkat.jpg','2018-01-17 09:56:21'),
(46,13,'http://192.168.1.18/upload/lokasi/baliho nikki.jpg','2018-01-17 10:04:29'),
(47,13,'http://192.168.1.18/upload/lokasi/cakra pahuman.jpg','2018-01-17 10:10:22'),
(48,13,'http://192.168.1.18/upload/lokasi/simp. ampar.jpg','2018-01-17 10:28:35'),
(49,13,'http://192.168.1.18/upload/lokasi/tembayan.jpg','2018-01-17 10:32:07'),
(50,13,'http://192.168.1.18/upload/lokasi/midis mld.jpg','2018-01-17 10:35:54'),
(51,13,'http://192.168.1.18/upload/lokasi/midis mld gj mada.jpg','2018-01-17 10:38:29'),
(52,42,'http://192.168.1.18/upload/lokasi/ps. pucuk.jpg','2018-02-02 13:40:34'),
(53,43,'http://192.168.1.18/upload/lokasi/muara enim.jpg','2018-02-02 13:43:44'),
(54,44,'http://192.168.1.18/upload/lokasi/muara dua.jpg','2018-02-02 13:54:32'),
(55,45,'http://192.168.1.18/upload/lokasi/belitang.jpg','2018-02-02 13:55:46'),
(56,46,'http://192.168.1.18/upload/lokasi/pagar alam.jpg','2018-02-02 13:57:32'),
(57,47,'http://192.168.1.18/upload/lokasi/videotron.jpg','2018-02-02 13:58:36'),
(58,48,'http://192.168.1.18/upload/lokasi/videotron PRABUMULIH.jpg','2018-02-02 13:59:41'),
(59,49,'http://192.168.1.18/upload/lokasi/Untitled1.jpg','2018-02-02 14:01:24'),
(60,50,'http://192.168.1.18/upload/lokasi/Untitled2.jpg','2018-02-02 14:08:43'),
(61,51,'http://192.168.1.18/upload/lokasi/Untitled3.jpg','2018-02-02 14:11:42'),
(62,52,'http://192.168.1.18/upload/lokasi/Untitled4.jpg','2018-02-02 14:13:03'),
(63,53,'http://192.168.1.18/upload/lokasi/Untitled5.jpg','2018-02-02 14:19:45'),
(64,54,'http://192.168.1.18/upload/lokasi/Untitled6.jpg','2018-02-02 14:20:54'),
(65,55,'http://192.168.1.18/upload/lokasi/Untitled7.jpg','2018-02-02 14:21:54'),
(66,56,'http://192.168.1.18/upload/lokasi/Untitled8.jpg','2018-02-02 14:24:13'),
(67,57,'http://192.168.1.18/upload/lokasi/Untitled9.jpg','2018-02-02 14:25:04'),
(68,59,'http://192.168.1.18/upload/lokasi/Untitled10.jpg','2018-02-02 14:26:05'),
(69,60,'http://192.168.1.18/upload/lokasi/Untitled11.jpg','2018-02-02 14:27:19'),
(70,61,'http://192.168.1.18/upload/lokasi/Untitled12.jpg','2018-02-02 14:28:57'),
(71,62,'http://192.168.1.18/upload/lokasi/Untitled13.jpg','2018-02-02 14:30:29'),
(72,63,'http://192.168.1.18/upload/lokasi/Untitled14.jpg','2018-02-02 14:31:44'),
(73,64,'http://192.168.1.18/upload/lokasi/Untitled15.jpg','2018-02-02 14:32:45'),
(74,65,'http://192.168.1.18/upload/lokasi/Untitled16.jpg','2018-02-02 14:34:41'),
(75,66,'http://192.168.1.18/upload/lokasi/Untitled17.jpg','2018-02-02 14:36:27'),
(76,67,'http://192.168.1.18/upload/lokasi/Untitled18.jpg','2018-02-02 14:37:25'),
(77,68,'http://192.168.1.18/upload/lokasi/Untitled19.jpg','2018-02-02 14:42:25'),
(78,69,'http://192.168.1.18/upload/lokasi/Untitled20.jpg','2018-02-02 14:43:41'),
(79,70,'http://192.168.1.18/upload/lokasi/Untitled21.jpg','2018-02-02 14:44:50'),
(80,71,'http://192.168.1.18/upload/lokasi/Untitled22.jpg','2018-02-02 14:45:45'),
(81,72,'http://192.168.1.18/upload/lokasi/Untitled23.jpg','2018-02-02 14:46:46'),
(82,73,'http://192.168.1.18/upload/lokasi/Untitled24.jpg','2018-02-02 14:47:43'),
(83,74,'http://192.168.1.18/upload/lokasi/Untitled25.jpg','2018-02-02 14:52:05'),
(84,75,'http://192.168.1.18/upload/lokasi/Untitled26.jpg','2018-02-02 15:05:48'),
(85,76,'http://192.168.1.18/upload/lokasi/Untitled27.jpg','2018-02-02 15:07:02'),
(86,77,'http://192.168.1.18/upload/lokasi/Untitled28.jpg','2018-02-02 15:07:57'),
(87,78,'http://192.168.1.18/upload/lokasi/Untitled29.jpg','2018-02-02 15:08:48'),
(88,79,'http://192.168.1.18/upload/lokasi/Untitled30.jpg','2018-02-02 15:32:29'),
(89,80,'http://192.168.1.18/upload/lokasi/Untitled31.jpg','2018-02-02 15:33:45'),
(90,81,'http://192.168.1.18/upload/lokasi/Untitled32.jpg','2018-02-02 15:37:33'),
(91,82,'http://192.168.1.18/upload/lokasi/Untitled33.jpg','2018-02-02 15:38:53'),
(92,83,'http://192.168.1.18/upload/lokasi/Untitled34.jpg','2018-02-02 15:51:20'),
(93,84,'http://192.168.1.18/upload/lokasi/Untitled36.jpg','2018-02-02 16:07:50'),
(94,85,'http://192.168.1.18/upload/lokasi/Untitled35.jpg','2018-02-02 16:08:45'),
(95,86,'http://192.168.1.18/upload/lokasi/Untitled37.jpg','2018-02-02 16:09:48'),
(96,87,'http://192.168.1.18/upload/lokasi/Untitled38.jpg','2018-02-02 16:13:07'),
(97,88,'http://192.168.1.18/upload/lokasi/Untitled39.jpg','2018-02-02 16:18:22'),
(98,89,'http://192.168.1.18/upload/lokasi/Untitled40.jpg','2018-02-02 16:19:20'),
(99,90,'http://192.168.1.18/upload/lokasi/Untitled1.jpg','2018-02-02 16:27:53'),
(100,91,'http://192.168.1.18/upload/lokasi/Untitled41.jpg','2018-02-02 16:30:23'),
(101,92,'http://192.168.1.18/upload/lokasi/Untitled42.jpg','2018-02-02 16:31:17'),
(102,93,'http://192.168.1.18/upload/lokasi/Untitled43.jpg','2018-02-02 16:32:29'),
(103,94,'http://192.168.1.18/upload/lokasi/Untitled44.jpg','2018-02-02 16:33:24'),
(104,95,'http://192.168.1.18/upload/lokasi/Untitled45.jpg','2018-02-02 16:34:27'),
(105,96,'http://192.168.1.18/upload/lokasi/Untitled46.jpg','2018-02-02 16:35:18'),
(106,97,'http://192.168.1.18/upload/lokasi/Untitled47.jpg','2018-02-02 16:36:14'),
(107,98,'http://192.168.1.18/upload/lokasi/Untitled48.jpg','2018-02-02 16:37:03'),
(108,99,'http://192.168.1.18/upload/lokasi/Untitled49.jpg','2018-02-02 16:37:55'),
(109,100,'http://192.168.1.18/upload/lokasi/Untitled50.jpg','2018-02-02 16:38:52'),
(110,101,'http://192.168.1.18/upload/lokasi/Untitled51.jpg','2018-02-02 16:41:01'),
(111,102,'http://192.168.1.18/upload/lokasi/Untitled52.jpg','2018-02-02 16:45:03'),
(112,103,'http://192.168.1.18/upload/lokasi/Untitled53.jpg','2018-02-02 16:46:04'),
(113,104,'http://192.168.1.18/upload/lokasi/Untitled54.jpg','2018-02-02 16:46:51'),
(114,105,'http://192.168.1.18/upload/lokasi/Untitled55.jpg','2018-02-02 16:47:41'),
(115,106,'http://192.168.1.18/upload/lokasi/Untitled56.jpg','2018-02-02 16:48:29'),
(116,107,'http://192.168.1.18/upload/lokasi/Untitled57.jpg','2018-02-02 16:49:27'),
(117,108,'http://192.168.1.18/upload/lokasi/Untitled58.jpg','2018-02-02 16:50:13'),
(118,109,'http://192.168.1.18/upload/lokasi/Untitled59.jpg','2018-02-02 16:50:59'),
(119,110,'http://192.168.1.18/upload/lokasi/Untitled60.jpg','2018-02-02 16:52:04'),
(120,111,'http://192.168.1.18/upload/lokasi/Untitled61.jpg','2018-02-02 16:53:00'),
(121,112,'http://192.168.1.18/upload/lokasi/Untitled62.jpg','2018-02-02 16:53:59'),
(122,113,'http://192.168.1.18/upload/lokasi/Untitled63.jpg','2018-02-02 16:55:23'),
(123,114,'http://192.168.1.18/upload/lokasi/Untitled64.jpg','2018-02-02 16:56:30'),
(124,115,'http://192.168.1.18/upload/lokasi/Untitled65.jpg','2018-02-02 16:57:30'),
(125,116,'http://192.168.1.18/upload/lokasi/Untitled66.jpg','2018-02-02 16:58:32'),
(126,117,'http://192.168.1.18/upload/lokasi/Untitled67.jpg','2018-02-02 17:04:52'),
(127,118,'http://192.168.1.18/upload/lokasi/Untitled68.jpg','2018-02-02 17:05:43'),
(128,119,'http://192.168.1.18/upload/lokasi/Untitled69.jpg','2018-02-02 17:06:49'),
(129,120,'http://192.168.1.18/upload/lokasi/Untitled70.jpg','2018-02-02 17:07:49'),
(130,121,'http://192.168.1.18/upload/lokasi/Untitled71.jpg','2018-02-02 17:08:49'),
(131,122,'http://192.168.1.18/upload/lokasi/Untitled72.jpg','2018-02-02 17:09:44'),
(132,123,'http://192.168.1.18/upload/lokasi/Untitled73.jpg','2018-02-02 17:10:39'),
(133,124,'http://192.168.1.18/upload/lokasi/Untitled74.jpg','2018-02-02 17:11:36'),
(134,125,'http://192.168.1.18/upload/lokasi/Untitled75.jpg','2018-02-02 17:14:20'),
(135,126,'http://192.168.1.18/upload/lokasi/Untitled76.jpg','2018-02-02 17:16:55'),
(136,127,'http://192.168.1.18/upload/lokasi/Untitled77.jpg','2018-02-02 17:17:48'),
(137,128,'http://192.168.1.18/upload/lokasi/Untitled78.jpg','2018-02-02 17:18:37'),
(138,129,'http://192.168.1.18/upload/lokasi/Untitled79.jpg','2018-02-02 17:19:43'),
(139,130,'http://192.168.1.18/upload/lokasi/Untitled80.jpg','2018-02-02 17:20:43'),
(140,131,'http://192.168.1.18/upload/lokasi/Untitled81.jpg','2018-02-02 17:21:53'),
(141,132,'http://192.168.1.18/upload/lokasi/Untitled82.jpg','2018-02-02 17:22:55'),
(142,133,'http://192.168.1.18/upload/lokasi/Untitled83.jpg','2018-02-02 17:24:01'),
(143,134,'http://192.168.1.18/upload/lokasi/Untitled84.jpg','2018-02-02 17:25:09'),
(144,135,'http://192.168.1.18/upload/lokasi/Untitled.jpg','2018-02-05 11:24:51'),
(145,136,'http://192.168.1.18/upload/lokasi/Untitled.jpg','2018-02-05 11:27:15'),
(146,137,'http://192.168.1.18/upload/lokasi/Untitled.jpg','2018-02-05 11:28:38'),
(147,138,'http://192.168.1.18/upload/lokasi/Untitled.jpg','2018-02-05 11:30:48'),
(148,139,'http://192.168.1.18/upload/lokasi/Untitled.jpg','2018-02-05 11:31:55'),
(149,140,'http://192.168.1.18/upload/lokasi/Untitled.jpg','2018-02-05 11:33:35'),
(150,141,'http://192.168.1.18/upload/lokasi/Untitled.jpg','2018-02-05 11:34:46'),
(151,142,'http://192.168.1.18/upload/lokasi/Untitled.jpg','2018-02-05 11:38:39'),
(152,143,'http://192.168.1.18/upload/lokasi/Untitled.jpg','2018-02-05 11:40:39'),
(153,144,'http://192.168.1.18/upload/lokasi/Untitled.jpg','2018-02-05 11:41:54'),
(154,145,'http://192.168.1.18/upload/lokasi/Untitled.jpg','2018-02-05 11:42:56'),
(155,146,'http://192.168.1.18/upload/lokasi/Untitled.jpg','2018-02-05 11:44:19'),
(156,147,'http://192.168.1.18/upload/lokasi/Untitled.jpg','2018-02-05 11:46:24'),
(157,148,'http://192.168.1.18/upload/lokasi/Untitled.jpg','2018-02-05 11:47:52'),
(158,149,'http://192.168.1.18/upload/lokasi/Untitled.jpg','2018-02-05 11:49:07'),
(159,150,'http://192.168.1.18/upload/lokasi/Untitled.jpg','2018-02-05 11:50:25'),
(160,151,'http://192.168.1.18/upload/lokasi/Untitled.jpg','2018-02-05 11:51:41'),
(161,152,'http://192.168.1.18/upload/lokasi/Untitled.jpg','2018-02-05 11:53:27'),
(162,153,'http://192.168.1.18/upload/lokasi/Untitled.jpg','2018-02-05 12:01:50'),
(163,154,'http://192.168.1.18/upload/lokasi/Untitled.jpg','2018-02-05 12:02:54'),
(164,155,'http://192.168.1.18/upload/lokasi/Untitled.jpg','2018-02-05 12:04:13'),
(165,156,'http://192.168.1.18/upload/lokasi/Untitled.jpg','2018-02-05 12:05:25'),
(166,157,'http://192.168.1.18/upload/lokasi/Untitled.jpg','2018-02-05 12:08:17'),
(167,158,'http://192.168.1.18/upload/lokasi/Untitled.jpg','2018-02-05 12:09:12'),
(168,159,'http://192.168.1.18/upload/lokasi/Untitled.jpg','2018-02-05 12:12:10'),
(169,160,'http://192.168.1.18/upload/lokasi/Untitled.jpg','2018-02-05 12:13:08'),
(170,161,'http://192.168.1.18/upload/lokasi/Untitled.jpg','2018-02-05 12:14:09'),
(171,162,'http://192.168.1.18/upload/lokasi/Untitled.jpg','2018-02-05 12:15:08'),
(172,163,'http://192.168.1.18/upload/lokasi/Untitled.jpg','2018-02-05 12:16:17'),
(173,164,'http://192.168.1.18/upload/lokasi/Untitled.jpg','2018-02-05 12:22:45'),
(174,165,'http://192.168.1.18/upload/lokasi/Untitled.jpg','2018-02-05 12:23:59'),
(175,166,'http://192.168.1.18/upload/lokasi/Untitled.jpg','2018-02-05 12:25:00'),
(176,168,'http://192.168.1.18/upload/lokasi/Untitled.jpg','2018-02-05 12:27:11'),
(177,169,'http://192.168.1.18/upload/lokasi/Untitled.jpg','2018-02-05 12:28:36'),
(178,170,'http://192.168.1.18/upload/lokasi/Untitled.jpg','2018-02-05 12:30:02'),
(179,171,'http://192.168.1.18/upload/lokasi/Untitled.jpg','2018-02-05 12:38:30'),
(180,172,'http://192.168.1.18/upload/lokasi/Untitled.jpg','2018-02-05 12:40:06'),
(181,173,'http://192.168.1.18/upload/lokasi/Untitled.jpg','2018-02-05 12:41:22'),
(182,174,'http://192.168.1.18/upload/lokasi/Untitled.jpg','2018-02-05 12:42:30'),
(183,175,'http://192.168.1.18/upload/lokasi/Untitled.jpg','2018-02-05 12:44:49'),
(184,176,'http://192.168.1.18/upload/lokasi/Untitled.jpg','2018-02-05 12:46:33'),
(185,177,'http://192.168.1.18/upload/lokasi/Untitled.jpg','2018-02-05 14:02:30'),
(186,178,'http://192.168.1.18/upload/lokasi/Untitled.jpg','2018-02-05 14:06:56'),
(187,179,'http://192.168.1.18/upload/lokasi/Untitled.jpg','2018-02-05 14:08:37'),
(188,180,'http://192.168.1.18/upload/lokasi/Untitled.jpg','2018-02-05 14:09:59'),
(189,181,'http://192.168.1.18/upload/lokasi/Untitled.jpg','2018-02-05 14:12:29'),
(190,182,'http://192.168.1.18/upload/lokasi/Untitled.jpg','2018-02-05 14:14:49'),
(191,251,'http://192.168.1.18/upload/lokasi/IMG_2759.JPG','2018-02-06 11:13:10'),
(192,252,'http://192.168.1.18/upload/lokasi/IMG_9100.JPG','2018-02-06 11:17:10'),
(193,253,'http://192.168.1.18/upload/lokasi/IMG_6158.JPG','2018-02-06 11:31:08'),
(194,254,'http://192.168.1.18/upload/lokasi/IMG_7209.JPG','2018-02-06 11:46:03'),
(195,255,'http://192.168.1.18/upload/lokasi/IMG_20170310_161017.jpg','2018-02-06 11:50:07'),
(196,256,'http://192.168.1.18/upload/lokasi/km. 34+800.JPG','2018-02-06 12:01:29'),
(197,257,'http://192.168.1.18/upload/lokasi/km. 35.JPG','2018-02-06 12:03:40'),
(198,258,'http://192.168.1.18/upload/lokasi/dpd gerbang cibatu.JPG','2018-02-06 12:06:47'),
(199,259,'http://192.168.1.18/upload/lokasi/blk gerbang cibatu.JPG','2018-02-06 12:09:36'),
(200,183,'http://192.168.1.18/upload/lokasi/Untitled.jpg','2018-02-06 12:40:45'),
(201,184,'http://192.168.1.18/upload/lokasi/Untitled.jpg','2018-02-06 12:43:19'),
(202,185,'http://192.168.1.18/upload/lokasi/Untitled.jpg','2018-02-06 12:45:30'),
(203,186,'http://192.168.1.18/upload/lokasi/Untitled.jpg','2018-02-06 12:48:27'),
(204,188,'http://192.168.1.18/upload/lokasi/Untitled.jpg','2018-02-06 13:32:07'),
(205,189,'http://192.168.1.18/upload/lokasi/Untitled.jpg','2018-02-06 13:33:24'),
(206,190,'http://192.168.1.18/upload/lokasi/Untitled.jpg','2018-02-06 13:35:19'),
(207,191,'http://192.168.1.18/upload/lokasi/Untitled.jpg','2018-02-06 13:37:39'),
(208,192,'http://192.168.1.18/upload/lokasi/Untitled.jpg','2018-02-06 13:38:38'),
(209,193,'http://192.168.1.18/upload/lokasi/Untitled.jpg','2018-02-06 13:39:42'),
(210,194,'http://192.168.1.18/upload/lokasi/Untitled.jpg','2018-02-06 13:40:44'),
(211,195,'http://192.168.1.18/upload/lokasi/Untitled.jpg','2018-02-06 13:41:48'),
(212,196,'http://192.168.1.18/upload/lokasi/Untitled.jpg','2018-02-06 13:45:17'),
(213,197,'http://192.168.1.18/upload/lokasi/Untitled.jpg','2018-02-06 13:46:13'),
(214,260,'http://192.168.1.18/upload/lokasi/IMG_6999.JPG','2018-02-06 13:46:42'),
(215,198,'http://192.168.1.18/upload/lokasi/Untitled.jpg','2018-02-06 13:47:19'),
(216,199,'http://192.168.1.18/upload/lokasi/Untitled.jpg','2018-02-06 13:48:17'),
(217,200,'http://192.168.1.18/upload/lokasi/Untitled.jpg','2018-02-06 13:49:39'),
(218,261,'http://192.168.1.18/upload/lokasi/exit krw timur.jpg','2018-02-06 13:53:41'),
(219,201,'http://192.168.1.18/upload/lokasi/Untitled.jpg','2018-02-06 14:04:37'),
(220,202,'http://192.168.1.18/upload/lokasi/Untitled.jpg','2018-02-06 14:07:25'),
(221,262,'http://192.168.1.18/upload/lokasi/IMG_7984.JPG','2018-02-06 14:31:56'),
(222,203,'http://192.168.1.18/upload/lokasi/Untitled.jpg','2018-02-06 14:34:19'),
(223,204,'http://192.168.1.18/upload/lokasi/Untitled.jpg','2018-02-06 14:36:54'),
(224,205,'http://192.168.1.18/upload/lokasi/Untitled.jpg','2018-02-06 14:38:22'),
(225,206,'http://192.168.1.18/upload/lokasi/Untitled.jpg','2018-02-06 14:51:11'),
(226,207,'http://192.168.1.18/upload/lokasi/Untitled.jpg','2018-02-06 14:58:04'),
(227,208,'http://192.168.1.18/upload/lokasi/Untitled.jpg','2018-02-06 14:59:18'),
(228,209,'http://192.168.1.18/upload/lokasi/Untitled.jpg','2018-02-06 15:01:04'),
(229,210,'http://192.168.1.18/upload/lokasi/Untitled.jpg','2018-02-06 15:02:39'),
(230,211,'http://192.168.1.18/upload/lokasi/Untitled.jpg','2018-02-06 15:03:36'),
(231,212,'http://192.168.1.18/upload/lokasi/Untitled.jpg','2018-02-06 15:04:51'),
(232,263,'http://192.168.1.18/upload/lokasi/IMG-20180206-WA0019.jpg','2018-02-06 15:08:09'),
(233,213,'http://192.168.1.18/upload/lokasi/Untitled.jpg','2018-02-06 15:08:56'),
(234,215,'http://192.168.1.18/upload/lokasi/Untitled.jpg','2018-02-06 15:10:08'),
(235,264,'http://192.168.1.18/upload/lokasi/IMG_7511.JPG','2018-02-06 15:10:49'),
(236,216,'http://192.168.1.18/upload/lokasi/Untitled.jpg','2018-02-06 15:12:16'),
(237,217,'http://192.168.1.18/upload/lokasi/Untitled.jpg','2018-02-06 15:13:48'),
(238,265,'http://192.168.1.18/upload/lokasi/IMG_6938.JPG','2018-02-06 15:15:00'),
(239,266,'http://192.168.1.18/upload/lokasi/merak.jpg','2018-02-06 15:19:39'),
(240,267,'http://192.168.1.18/upload/lokasi/IMG_20170808_141313.jpg','2018-02-06 15:22:55'),
(241,268,'http://192.168.1.18/upload/lokasi/IMG_8634.JPG','2018-02-06 15:28:52'),
(242,269,'http://192.168.1.18/upload/lokasi/lenovo.jpg','2018-02-06 15:32:14'),
(243,218,'http://192.168.1.18/upload/lokasi/Untitled.jpg','2018-02-06 15:41:24'),
(244,219,'http://192.168.1.18/upload/lokasi/Untitled.jpg','2018-02-06 15:42:28'),
(245,220,'http://192.168.1.18/upload/lokasi/Untitled.jpg','2018-02-06 15:43:29'),
(246,221,'http://192.168.1.18/upload/lokasi/Untitled.jpg','2018-02-06 15:44:31'),
(247,222,'http://192.168.1.18/upload/lokasi/Untitled.jpg','2018-02-06 15:53:50'),
(248,223,'http://192.168.1.18/upload/lokasi/Untitled.jpg','2018-02-06 15:55:15'),
(249,224,'http://192.168.1.18/upload/lokasi/Untitled.jpg','2018-02-06 16:18:06'),
(250,225,'http://192.168.1.18/upload/lokasi/Untitled.jpg','2018-02-06 16:19:32'),
(251,226,'http://192.168.1.18/upload/lokasi/Untitled.jpg','2018-02-06 16:20:43'),
(252,227,'http://192.168.1.18/upload/lokasi/Untitled.jpg','2018-02-06 16:21:46'),
(253,228,'http://192.168.1.18/upload/lokasi/Untitled.jpg','2018-02-06 16:23:05'),
(254,229,'http://192.168.1.18/upload/lokasi/Untitled.jpg','2018-02-06 16:24:00'),
(255,30,'http://192.168.1.18/upload/lokasi/Untitled.jpg','2018-02-06 16:25:04'),
(256,31,'http://192.168.1.18/upload/lokasi/Untitled.jpg','2018-02-06 16:26:21'),
(257,232,'http://192.168.1.18/upload/lokasi/Untitled.jpg','2018-02-06 16:27:55'),
(258,233,'http://192.168.1.18/upload/lokasi/Untitled.jpg','2018-02-08 14:40:42'),
(259,234,'http://192.168.1.18/upload/lokasi/Untitled.jpg','2018-02-08 14:41:54'),
(260,235,'http://192.168.1.18/upload/lokasi/Untitled.jpg','2018-02-08 14:42:53'),
(261,236,'http://192.168.1.18/upload/lokasi/Untitled.jpg','2018-02-08 14:48:53'),
(262,237,'http://192.168.1.18/upload/lokasi/Untitled.jpg','2018-02-08 14:49:55'),
(263,238,'http://192.168.1.18/upload/lokasi/Untitled.jpg','2018-02-08 14:58:20'),
(264,239,'http://192.168.1.18/upload/lokasi/Untitled.jpg','2018-02-08 15:30:09'),
(265,240,'http://192.168.1.18/upload/lokasi/Untitled.jpg','2018-02-08 15:31:44'),
(266,241,'http://192.168.1.18/upload/lokasi/Untitled.jpg','2018-02-08 15:32:48'),
(267,242,'http://192.168.1.18/upload/lokasi/Untitled.jpg','2018-02-08 15:33:59'),
(268,243,'http://192.168.1.18/upload/lokasi/Untitled.jpg','2018-02-08 15:53:58'),
(269,244,'http://192.168.1.18/upload/lokasi/Untitled.jpg','2018-02-08 15:57:33'),
(270,245,'http://192.168.1.18/upload/lokasi/Untitled.jpg','2018-02-08 16:01:12'),
(271,252,'http://192.168.1.18/upload/pajak/3.jpg','2018-03-27 16:32:43'),
(272,269,'http://192.168.1.18/upload/pajak/1.jpg','2018-04-02 11:05:19'),
(273,268,'http://192.168.1.18/upload/pajak/2.jpg','2018-04-02 11:10:51'),
(274,266,'http://192.168.1.18/upload/pajak/2.jpg','2018-04-02 11:24:24'),
(275,257,'http://192.168.1.18/upload/pajak/2.jpg','2018-04-02 11:36:25'),
(276,256,'http://192.168.1.18/upload/pajak/10.jpg','2018-04-02 11:39:38'),
(277,253,'http://192.168.1.18/upload/pajak/1.jpg','2018-04-02 12:57:31'),
(278,252,'http://192.168.1.18/upload/pajak/3.jpg','2018-04-02 13:09:25'),
(279,6,'http://192.168.1.18/upload/pajak/3.jpg','2018-04-02 14:54:30'),
(280,10,'http://192.168.1.18/upload/pajak/1.jpg','2018-04-02 15:07:25'),
(281,34,'http://192.168.1.18/upload/pajak/2.jpg','2018-04-03 10:46:29'),
(282,34,'http://192.168.1.18/upload/pajak/3.jpg','2018-04-03 10:49:09'),
(283,10,'http://192.168.1.18/upload/pajak/1.jpg','2018-04-03 10:58:38'),
(284,34,'http://192.168.1.18/upload/pajak/skpd muara dua (1).jpeg','2018-04-03 11:17:09'),
(285,34,'http://192.168.1.18/upload/pajak/skpd Gumawang (2).jpeg','2018-04-03 11:29:02'),
(286,34,'http://192.168.1.18/upload/pajak/BALIHO M.HATTA.jpeg','2018-04-03 11:34:28'),
(287,44,'http://192.168.1.18/upload/pajak/BILLBOARD PASAR MUARADUA.jpeg','2018-04-03 13:20:24'),
(288,49,'http://192.168.1.18/upload/pajak/BALIHO M.HATTA.jpeg','2018-04-03 13:23:11'),
(289,45,'http://192.168.1.18/upload/pajak/skpd Gumawang (2).jpeg','2018-04-03 13:32:25'),
(290,68,'http://192.168.1.18/upload/pajak/DESA BEDILAN.jpeg','2018-04-03 13:48:05'),
(291,69,'http://192.168.1.18/upload/pajak/DESAN PETANGGAN.jpeg','2018-04-03 13:49:50'),
(292,70,'http://192.168.1.18/upload/pajak/DS. BATU BELANG.jpeg','2018-04-03 13:52:27'),
(293,67,'http://192.168.1.18/upload/pajak/TERMINAL MARTAPURA.jpeg','2018-04-03 13:55:52'),
(294,65,'http://192.168.1.18/upload/pajak/MIDIS DS. SIDODADI.jpeg','2018-04-03 14:17:49'),
(295,64,'http://192.168.1.18/upload/pajak/MIDIS BATUMARTA VI.jpeg','2018-04-03 14:19:40'),
(296,71,'http://192.168.1.18/upload/pajak/SP.AJI BUAY SANDANG AJI.jpeg','2018-04-03 14:22:44'),
(297,72,'http://192.168.1.18/upload/pajak/TERMINAL MUARADUA.jpeg','2018-04-03 14:24:04'),
(298,89,'http://192.168.1.18/upload/pajak/RM ANEKA RASA.jpeg','2018-04-04 09:15:03'),
(299,10,'http://192.168.1.18/upload/pajak/4.jpg','2018-04-04 11:14:08'),
(300,10,'http://192.168.1.18/upload/pajak/NISSAN.jpg','2018-04-04 11:18:08'),
(301,10,'http://192.168.1.18/upload/pajak/pajak.jpg','2018-04-04 11:21:12'),
(302,10,'http://192.168.1.18/upload/pajak/2.jpg','2018-04-04 11:24:19'),
(303,80,'http://192.168.1.18/upload/pajak/SAMPING RAMAYANA.jpeg','2018-04-04 12:00:49'),
(304,63,'http://192.168.1.18/upload/pajak/RM LAGUNA.jpeg','2018-04-04 12:14:24'),
(305,62,'http://192.168.1.18/upload/pajak/RM ANEKA RASA.jpeg','2018-04-04 12:16:08'),
(306,61,'http://192.168.1.18/upload/pajak/MIDIS KIBANG PERMAI.jpeg','2018-04-04 12:19:00'),
(307,59,'http://192.168.1.18/upload/pajak/SAMPING RAMAYANA.jpeg','2018-04-04 12:21:25'),
(308,56,'http://192.168.1.18/upload/pajak/MIDIS PT SEMEN.jpeg','2018-04-04 12:23:53'),
(309,55,'http://192.168.1.18/upload/pajak/RSS HOLINDO.jpeg','2018-04-04 12:24:58'),
(310,54,'http://192.168.1.18/upload/pajak/MIDIS RSS SRIWIJAYA.jpeg','2018-04-04 12:26:18'),
(311,51,'http://192.168.1.18/upload/pajak/BALIHO JEMBATAN OGAN II.jpeg','2018-04-04 12:56:30'),
(312,50,'http://192.168.1.18/upload/pajak/PASAR GOTONG ROYONG.jpeg','2018-04-04 12:58:11'),
(313,53,'http://192.168.1.18/upload/pajak/BALIHO TERUSAN.jpeg','2018-04-04 13:02:15'),
(314,6,'http://192.168.1.18/upload/pajak/simatupang.jpg','2018-04-04 13:09:38'),
(315,57,'http://192.168.1.18/upload/pajak/MIDIS RADEN FATAH SUKARAYA.jpeg','2018-04-04 13:23:17'),
(316,52,'http://192.168.1.18/upload/pajak/ROADSIGN DEPAN GOR.jpeg','2018-04-04 14:13:26'),
(317,134,'http://192.168.1.18/upload/pajak/TERMINAL 32 - INDRALAYA.jpeg','2018-04-04 14:24:02'),
(318,129,'http://192.168.1.18/upload/pajak/JL.URIP SUMOHARJO.jpeg','2018-04-04 14:29:39'),
(319,129,'http://192.168.1.18/upload/pajak/JL.URIP SUMOHARJO.jpeg','2018-04-04 14:35:18'),
(320,128,'http://192.168.1.18/upload/pajak/SIMPANG 4 PERTAMINA.jpeg.jpeg','2018-04-04 14:37:04'),
(321,127,'http://192.168.1.18/upload/pajak/JL.LINGKAR AIR MANCUR.jpeg','2018-04-04 14:38:43'),
(322,126,'http://192.168.1.18/upload/pajak/JL.ALIPATAN - PRABUMULIH.jpeg','2018-04-04 14:40:35'),
(323,124,'http://192.168.1.18/upload/pajak/DESA LEMBAK.jpeg','2018-04-04 14:43:03'),
(324,123,'http://192.168.1.18/upload/pajak/JL.ANGKATAN 45.jpeg','2018-04-04 14:46:17'),
(325,122,'http://192.168.1.18/upload/pajak/JL.PRABUJAYA PASAR M.YAMIN.jpeg','2018-04-04 14:48:31'),
(326,121,'http://192.168.1.18/upload/pajak/JOL.KAPT ABDULAH.jpeg','2018-04-04 15:03:51'),
(327,120,'http://192.168.1.18/upload/pajak/SIMP 4 PANGKUL.jpeg','2018-04-04 15:08:48'),
(328,119,'http://192.168.1.18/upload/pajak/SIMP 4 PADAT KARYA.jpeg','2018-04-04 15:10:18'),
(329,117,'http://192.168.1.18/upload/pajak/TUGU NANAS.jpeg','2018-04-04 15:14:14'),
(330,115,'http://192.168.1.18/upload/pajak/SP.KORAMIL KOTA PAGARALAM.jpeg','2018-04-04 15:18:51'),
(331,113,'http://192.168.1.18/upload/pajak/MIDIS SIMP. 3 TJ.PPAYANG, SIMP 4 RSUD BASEMAH, JL.GUNUNG GARE.jpeg','2018-04-04 15:21:09'),
(332,112,'http://192.168.1.18/upload/pajak/MIDIS SIMP. 3 TJ.PPAYANG, SIMP 4 RSUD BASEMAH, JL.GUNUNG GARE.jpeg','2018-04-04 15:22:43'),
(333,111,'http://192.168.1.18/upload/pajak/BALIHO MP MANAK PAGARALAM.jpeg','2018-04-04 15:32:25'),
(334,109,'http://192.168.1.18/upload/pajak/KOL.BURLIAN, SIMP.MUARA LAWAI. PROF EMIL SALIM.jpeg','2018-04-04 15:36:11'),
(335,108,'http://192.168.1.18/upload/pajak/SIMP 3 TALANG KABU, SIMPANG 3 PERTAMINA, SIMP 3 KARANG ANYAR, SIMP 3 MUARA SIBAN.jpeg','2018-04-04 15:38:22'),
(336,107,'http://192.168.1.18/upload/pajak/SIMP 3 TALANG KABU, SIMPANG 3 PERTAMINA, SIMP 3 KARANG ANYAR, SIMP 3 MUARA SIBAN.jpeg','2018-04-04 15:40:30'),
(337,106,'http://192.168.1.18/upload/pajak/SIMP 3 TALANG KABU, SIMPANG 3 PERTAMINA, SIMP 3 KARANG ANYAR, SIMP 3 MUARA SIBAN.jpeg','2018-04-04 15:42:09'),
(338,105,'http://192.168.1.18/upload/pajak/SIMP 3 TALANG KABU, SIMPANG 3 PERTAMINA, SIMP 3 KARANG ANYAR, SIMP 3 MUARA SIBAN.jpeg','2018-04-04 15:43:19'),
(339,104,'http://192.168.1.18/upload/pajak/STASIUN TVRI, SIMP 3 LEMBAYUNG, DS.ULAK PANDAN. JEMBATAN PAGAR AGUNG. JEMBATAN II MUARA LAWAI.jpeg','2018-04-04 15:46:04'),
(340,103,'http://192.168.1.18/upload/pajak/STASIUN TVRI, SIMP 3 LEMBAYUNG, DS.ULAK PANDAN. JEMBATAN PAGAR AGUNG. JEMBATAN II MUARA LAWAI.jpeg','2018-04-04 15:47:00'),
(341,102,'http://192.168.1.18/upload/pajak/STASIUN TVRI, SIMP 3 LEMBAYUNG, DS.ULAK PANDAN. JEMBATAN PAGAR AGUNG. JEMBATAN II MUARA LAWAI.jpeg','2018-04-04 15:47:58'),
(342,101,'http://192.168.1.18/upload/pajak/STASIUN TVRI, SIMP 3 LEMBAYUNG, DS.ULAK PANDAN. JEMBATAN PAGAR AGUNG. JEMBATAN II MUARA LAWAI.jpeg','2018-04-04 15:49:04'),
(343,100,'http://192.168.1.18/upload/pajak/STASIUN TVRI, SIMP 3 LEMBAYUNG, DS.ULAK PANDAN. JEMBATAN PAGAR AGUNG. JEMBATAN II MUARA LAWAI.jpeg','2018-04-04 15:50:09'),
(344,99,'http://192.168.1.18/upload/pajak/DS.PULAU PANGGUNG.jpeg','2018-04-04 15:52:03'),
(345,98,'http://192.168.1.18/upload/pajak/GN. MEGANG.jpeg','2018-04-04 15:53:34'),
(346,97,'http://192.168.1.18/upload/pajak/SAMPING KANTOR CAMAT TJ.AGUNG.jpeg','2018-04-04 15:55:32'),
(347,96,'http://192.168.1.18/upload/pajak/SIMP. ISLAMIC CENTER M.ENIM.jpeg','2018-04-04 15:56:51'),
(348,94,'http://192.168.1.18/upload/pajak/PASAR BANTINGAN TANJUNG ENIM.jpeg','2018-04-04 15:59:00'),
(349,93,'http://192.168.1.18/upload/pajak/SIMP. SS TJ.ENIM.jpeg','2018-04-04 16:02:42'),
(350,92,'http://192.168.1.18/upload/pajak/JL.LINTAS TJ.ENIM AIR PAKU.jpeg','2018-04-04 16:04:31'),
(351,91,'http://192.168.1.18/upload/pajak/JL. ANGKATAN 45 MUARA ENIM.jpeg','2018-04-04 16:05:46'),
(352,90,'http://192.168.1.18/upload/pajak/RM.RAPEN.jpeg','2018-04-04 16:07:31'),
(353,46,'http://192.168.1.18/upload/pajak/BILLBOARD PAGARALAM.jpeg','2018-04-04 16:12:48'),
(354,267,'http://192.168.1.18/upload/pajak/EDIT GREEN PRAMUKA KM 31.jpg','2018-04-04 16:19:39'),
(355,142,'http://192.168.1.18/upload/pajak/Baliho SImpang 4 Pasar TUmbang Titi Ketapang.jpg','2018-04-04 16:37:37'),
(356,144,'http://192.168.1.18/upload/pajak/Baliho Djarum Jl. Pangeran Adi Kendawangan Periode Jan 2018 - 2019.jpg','2018-04-04 16:41:48'),
(357,145,'http://192.168.1.18/upload/pajak/Baliho Jl. Tanjungpura Kec. SUkadana Kab. kayong utara.jpg','2018-04-04 16:44:05'),
(358,13,'http://192.168.1.18/upload/pajak/Baliho Djarum Jl. Pangeran Adi Kendawangan Periode Jan 2018 - 2019.jpg','2018-04-05 15:05:23'),
(359,143,'http://192.168.1.18/upload/pajak/Baliho Teluk Batang Kab. Kayong Utara.jpg','2018-04-05 15:14:12'),
(360,265,'http://192.168.1.18/upload/pajak/IMG.jpg','2018-05-28 14:14:59'),
(361,237,'http://192.168.1.18/upload/pajak/skpd midis pringsewu.jpg','2018-05-30 09:55:10'),
(362,238,'http://192.168.1.18/upload/pajak/SKPD MIDIS bandung baru,Pringsewu 3x6m.jpg','2018-05-30 09:57:08'),
(363,239,'http://192.168.1.18/upload/pajak/skpd baliho Jl. A. Yani, dpn RM Bu Gundil, Pringsewu.jpg','2018-05-30 09:59:56'),
(364,242,'http://192.168.1.18/upload/pajak/skpd baliho Gisting, Tanggamus 6x4m.jpg','2018-05-30 10:55:25'),
(365,241,'http://192.168.1.18/upload/pajak/skpd Ps. Wonosobo,Tanggamus 6x4m.jpg','2018-05-30 10:57:45'),
(366,243,'http://192.168.1.18/upload/pajak/skpd Midis Jl. Merdeka Ps. Kota Agung Tanggamus 6x3m.jpg','2018-05-30 11:00:30'),
(367,221,'http://192.168.1.18/upload/pajak/skpd Midis Tempuran, Lamteng 3x6m.jpg','2018-05-30 13:41:53'),
(368,240,'http://192.168.1.18/upload/pajak/skpd Baliho dpn SPBU Talang Padang-Tanggamus 6x4m.jpg','2018-05-30 15:21:15'),
(369,236,'http://192.168.1.18/upload/pajak/skpd ps. Ambarawa, Pringsewu 6x4m.jpg','2018-05-30 15:25:46'),
(370,235,'http://192.168.1.18/upload/pajak/skpd baliho Ps. Sukoharjo,Pringsewu 6x4m.jpg','2018-05-30 15:30:20'),
(371,233,'http://192.168.1.18/upload/pajak/skpd baliho Jl. A. Yani, dpn RM Bu Gundil, Pringsewu.jpg','2018-05-30 15:34:50'),
(372,43,'http://192.168.1.18/upload/pajak/3.jpg','2018-05-31 09:26:25'),
(373,73,'http://192.168.1.18/upload/pajak/DS.KISAU.jpeg','2018-05-31 09:32:54'),
(374,76,'http://192.168.1.18/upload/pajak/DESAN PETANGGAN.jpeg','2018-05-31 09:37:07'),
(375,75,'http://192.168.1.18/upload/pajak/MIDIS DS. SIDODADI.jpeg','2018-05-31 09:40:32'),
(376,110,'http://192.168.1.18/upload/pajak/KOL.BURLIAN, SIMP.MUARA LAWAI. PROF EMIL SALIM.jpeg','2018-05-31 10:26:23'),
(377,114,'http://192.168.1.18/upload/pajak/MIDIS SIMP. 3 TJ.PPAYANG, SIMP 4 RSUD BASEMAH, JL.GUNUNG GARE.jpeg','2018-05-31 10:32:00'),
(378,116,'http://192.168.1.18/upload/pajak/BALIHO MP MANAK PAGARALAM.jpeg','2018-05-31 10:40:08'),
(379,118,'http://192.168.1.18/upload/pajak/SIMP GN.KUMALA.jpeg','2018-05-31 10:43:25'),
(380,125,'http://192.168.1.18/upload/pajak/TERMINAL 32 - INDRALAYA.jpeg','2018-05-31 10:48:58'),
(381,0,'http://192.168.1.18/upload/lokasi/advan g2 arah bandar lampung.jpg','2018-06-04 12:40:14'),
(382,261,'http://192.168.1.18/upload/lokasi/IMG-20180530-WA0002.jpg','2018-06-04 13:07:08'),
(383,0,'http://192.168.1.18/upload/lokasi/IMG-20180513-WA0005.jpg','2018-06-04 13:08:59'),
(384,263,'http://192.168.1.18/upload/pajak/yg ok.jpg','2018-06-06 09:32:45'),
(385,260,'http://192.168.1.18/upload/pajak/3.jpg','2018-06-06 09:35:32'),
(386,232,'http://192.168.1.18/upload/pajak/Skpd Baliho Jl. A.Yani,gedong tataan-Pesawaran 6x4m.jpg','2018-06-06 10:32:14'),
(387,234,'http://192.168.1.18/upload/pajak/skpd Ps. Gadingrejo, Pringsewu 6x4m.jpg','2018-06-06 10:36:45'),
(388,228,'http://192.168.1.18/upload/pajak/SKpd Midis  Margototo, Lamtim 6x3m.jpg','2018-06-06 12:51:27'),
(389,245,'http://192.168.1.18/upload/pajak/Dupont 3x4 Jl.Poros sel Rawajitu, Menggala- Tuba.jpg','2018-06-06 12:54:31'),
(390,30,'http://192.168.1.18/upload/pajak/SKPD PS.KEDONDONG,pESAWARAN 6X4M.jpg','2018-06-06 12:57:54'),
(391,31,'http://192.168.1.18/upload/pajak/skpd ps. umbul Kluih, Pesawaran 6x4m.jpg','2018-06-06 13:00:19'),
(392,34,'http://192.168.1.18/upload/pajak/SIMP. SS TJ.ENIM.jpeg','2018-06-06 13:16:07'),
(393,34,'http://192.168.1.18/upload/pajak/BILLBOARD PAGARALAM.jpeg','2018-06-06 14:36:45'),
(394,48,'http://192.168.1.18/upload/pajak/LED PRABUMULIH.jpeg','2018-06-07 13:07:33'),
(395,0,'http://192.168.1.18/upload/lokasi/KATAMSO.jpg','2018-06-08 11:20:16'),
(396,183,'http://192.168.1.18/upload/pajak/SKPD Baliho Jl. W.Moenginsidi-Taman Santap-Balam 6x4m.jpg','2018-06-08 14:15:14'),
(397,184,'http://192.168.1.18/upload/pajak/SKPD Baliho Jl.Tirtayasa, Balam 6x4m.jpg','2018-06-08 14:16:54'),
(398,185,'http://192.168.1.18/upload/pajak/skpd midis Jl. Hayam Wuruk,Balam 6x3m.jpg','2018-06-08 14:18:44'),
(399,42,'http://192.168.1.18/upload/pajak/1.jpg','2018-07-04 09:25:53'),
(400,206,'http://192.168.1.18/upload/pajak/Jl Jend Sudirman Lampung.jpg','2018-07-06 15:18:18'),
(401,0,'http://192.168.1.18/upload/lokasi/Untitled.jpg','2018-07-18 15:58:53'),
(402,0,'http://192.168.1.18/upload/lokasi/dona motor.jpg','2018-07-18 16:03:09'),
(403,0,'http://192.168.1.18/upload/lokasi/kalimantan.jpg','2018-07-18 16:05:49');

/*Table structure for table `m_lokasi_sewa` */

DROP TABLE IF EXISTS `m_lokasi_sewa`;

CREATE TABLE `m_lokasi_sewa` (
  `idijin` int(11) DEFAULT NULL,
  `kdlokasi` varchar(75) DEFAULT NULL,
  `tgl_ijin` date DEFAULT NULL,
  `tgl_akhir` date DEFAULT NULL,
  `nominal` varchar(150) DEFAULT NULL,
  `date_create` datetime DEFAULT NULL,
  `user_create` varchar(45) DEFAULT NULL,
  `nomor_ijin` varchar(150) DEFAULT NULL
) ENGINE=InnoDB DEFAULT CHARSET=latin1;

/*Data for the table `m_lokasi_sewa` */

insert  into `m_lokasi_sewa`(`idijin`,`kdlokasi`,`tgl_ijin`,`tgl_akhir`,`nominal`,`date_create`,`user_create`,`nomor_ijin`) values 
(NULL,'0243','2015-06-01','2018-06-01','5500000','2018-06-07 12:46:13','ervyjulia',''),
(NULL,'0219','2016-01-27','2018-06-27','3500000','2018-06-07 12:47:38','ervyjulia',''),
(NULL,'0221','2015-08-15','2018-08-15','3500000','2018-06-07 12:49:36','ervyjulia',''),
(NULL,'0203','2015-10-23','2018-10-23','3000000','2018-06-07 13:11:27','ervyjulia',''),
(NULL,'cbg45','2016-09-01','2021-09-01','20000000','2018-07-09 16:57:28','ervyjulia',''),
(NULL,'031','2017-04-20','2019-04-20','2000000','2018-07-09 17:00:28','ervyjulia',''),
(NULL,'0244','2018-12-01','2019-12-01','3000000','2018-07-09 17:05:42','ervyjulia',''),
(NULL,'0242','2017-07-07','2019-07-07','4000000','2018-07-09 17:09:44','ervyjulia',''),
(NULL,'0241','2017-10-17','2020-10-17','5000000','2018-07-09 17:11:40','ervyjulia',''),
(NULL,'0240','2016-12-01','2019-12-01','4500000','2018-07-09 17:13:05','ervyjulia',''),
(NULL,'0195','2017-10-01','2022-10-01','45000000','2018-07-09 17:16:56','ervyjulia',''),
(NULL,'0191','2017-07-01','2019-07-01','1500000','2018-07-09 17:22:38','ervyjulia',''),
(NULL,'0190','2017-07-31','2018-07-31','1500000','2018-07-09 17:23:49','ervyjulia',''),
(NULL,'0189','2015-12-01','2020-12-01','5000000','2018-07-09 17:25:17','ervyjulia',''),
(NULL,'0186','2017-11-03','2020-11-03','6000000','2018-07-09 17:28:46','ervyjulia',''),
(NULL,'0185','2017-07-10','2020-07-10','15000000','2018-07-09 17:30:17','ervyjulia',''),
(NULL,'0234','2017-12-20','2020-12-20','9000000','2018-07-10 12:13:27','ervyjulia',''),
(NULL,'0227','2016-02-29','2021-03-01','4500000','2018-07-10 12:19:11','ervyjulia',''),
(NULL,'0196','2017-01-22','2020-01-22','3000000','2018-07-10 13:46:50','ervyjulia',''),
(NULL,'0197','2017-01-22','2020-01-22','3300000','2018-07-10 13:48:35','ervyjulia',''),
(NULL,'0201','2017-11-26','2018-11-26','5000000','2018-07-10 14:00:05','ervyjulia',''),
(NULL,'0203','2015-10-23','2018-10-23','3000000','2018-07-10 14:34:03','ervyjulia',''),
(NULL,'0204','2016-06-02','2019-06-02','4500000','2018-07-10 14:35:50','ervyjulia',''),
(NULL,'0205','2016-05-01','2019-05-01','3000000','2018-07-10 14:37:32','ervyjulia',''),
(NULL,'0206','2014-06-01','2019-06-01','50000000','2018-07-10 14:39:53','ervyjulia',''),
(NULL,'0207','2015-11-30','2018-11-30','4500000','2018-07-10 14:51:28','ervyjulia',''),
(NULL,'0209','2016-09-01','2018-09-01','4500000','2018-07-10 14:54:56','ervyjulia',''),
(NULL,'0211','2017-10-27','2020-10-27','3000000','2018-07-10 14:56:44','ervyjulia',''),
(NULL,'0216','2016-09-01','2021-09-01','20','2018-07-10 15:47:33','ervyjulia',''),
(NULL,'cbg45','2015-11-01','2020-11-01','25000000','2018-07-10 15:50:12','ervyjulia',''),
(NULL,'0219','2018-01-27','2020-01-27','4000000','2018-07-10 15:53:48','ervyjulia',''),
(NULL,'0220','2017-06-20','2020-06-20','5000000','2018-07-10 16:53:46','ervyjulia',''),
(NULL,'0221','2015-08-15','2018-08-15','3500000','2018-07-10 16:55:34','ervyjulia',''),
(NULL,'0222','2018-01-24','2021-01-24','6000000','2018-07-10 16:58:39','ervyjulia',''),
(NULL,'0225','2017-11-01','2019-11-01','3000000','2018-07-10 17:02:12','ervyjulia',''),
(NULL,'0226','2017-03-01','2020-03-01','3000000','2018-07-10 17:04:06','ervyjulia',''),
(NULL,'0239','2017-03-01','2022-03-01','15000000','2018-07-10 17:10:50','ervyjulia',''),
(NULL,'0179','2017-06-01','2019-06-01','3000000','2018-07-18 15:17:58','ervyjulia',''),
(NULL,'0179','2016-05-31','2019-05-31','12000000','2018-07-18 15:20:27','ervyjulia',''),
(NULL,'0180','2017-06-01','2019-06-01','3000000','2018-07-18 15:21:01','ervyjulia','');

/*Table structure for table `m_lokasi_sewa_file` */

DROP TABLE IF EXISTS `m_lokasi_sewa_file`;

CREATE TABLE `m_lokasi_sewa_file` (
  `idijinfile` int(11) DEFAULT NULL,
  `idijin` int(11) DEFAULT NULL,
  `fileupload` varchar(765) DEFAULT NULL,
  `date_create` datetime DEFAULT NULL
) ENGINE=InnoDB DEFAULT CHARSET=latin1;

/*Data for the table `m_lokasi_sewa_file` */

insert  into `m_lokasi_sewa_file`(`idijinfile`,`idijin`,`fileupload`,`date_create`) values 
(NULL,243,'http://192.168.1.18/upload/sewa/Screen Shot 2018-06-07 at 12.46.11.png','2018-06-07 12:46:13'),
(NULL,219,'http://192.168.1.18/upload/sewa/Screen Shot 2018-06-07 at 12.46.11.png','2018-06-07 12:47:38'),
(NULL,221,'http://192.168.1.18/upload/sewa/Screen Shot 2018-06-07 at 12.46.11.png','2018-06-07 12:49:36'),
(NULL,203,'http://192.168.1.18/upload/sewa/Screen Shot 2018-06-07 at 12.46.11.png','2018-06-07 13:11:27'),
(NULL,0,'http://192.168.1.18/upload/sewa/Screen Shot 2018-06-07 at 12.46.11.png','2018-07-09 16:57:28'),
(NULL,31,'http://192.168.1.18/upload/sewa/Screen Shot 2018-06-07 at 12.46.11.png','2018-07-09 17:00:28'),
(NULL,244,'http://192.168.1.18/upload/sewa/Screen Shot 2018-06-07 at 12.46.11.png','2018-07-09 17:05:42'),
(NULL,242,'http://192.168.1.18/upload/sewa/Screen Shot 2018-06-07 at 12.46.11.png','2018-07-09 17:09:45'),
(NULL,241,'http://192.168.1.18/upload/sewa/Screen Shot 2018-06-07 at 12.46.11.png','2018-07-09 17:11:40'),
(NULL,240,'http://192.168.1.18/upload/sewa/Screen Shot 2018-06-07 at 12.46.11.png','2018-07-09 17:13:05'),
(NULL,195,'http://192.168.1.18/upload/sewa/Screen Shot 2018-06-07 at 12.46.11.png','2018-07-09 17:16:56'),
(NULL,191,'http://192.168.1.18/upload/sewa/Screen Shot 2018-06-07 at 12.46.11.png','2018-07-09 17:22:38'),
(NULL,190,'http://192.168.1.18/upload/sewa/Screen Shot 2018-06-07 at 12.46.11.png','2018-07-09 17:23:49'),
(NULL,189,'http://192.168.1.18/upload/sewa/Screen Shot 2018-06-07 at 12.46.11.png','2018-07-09 17:25:17'),
(NULL,186,'http://192.168.1.18/upload/sewa/Screen Shot 2018-06-07 at 12.46.11.png','2018-07-09 17:28:46'),
(NULL,185,'http://192.168.1.18/upload/sewa/Screen Shot 2018-06-07 at 12.46.11.png','2018-07-09 17:30:17'),
(NULL,234,'http://192.168.1.18/upload/sewa/Screen Shot 2018-06-07 at 12.46.11.png','2018-07-10 12:13:27'),
(NULL,227,'http://192.168.1.18/upload/sewa/Screen Shot 2018-06-07 at 12.46.11.png','2018-07-10 12:19:11'),
(NULL,196,'http://192.168.1.18/upload/sewa/Screen Shot 2018-06-07 at 12.46.11.png','2018-07-10 13:46:50'),
(NULL,197,'http://192.168.1.18/upload/sewa/Screen Shot 2018-06-07 at 12.46.11.png','2018-07-10 13:48:35'),
(NULL,201,'http://192.168.1.18/upload/sewa/Screen Shot 2018-06-07 at 12.46.11.png','2018-07-10 14:00:05'),
(NULL,203,'http://192.168.1.18/upload/sewa/Screen Shot 2018-06-07 at 12.46.11.png','2018-07-10 14:34:03'),
(NULL,204,'http://192.168.1.18/upload/sewa/Screen Shot 2018-06-07 at 12.46.11.png','2018-07-10 14:35:50'),
(NULL,205,'http://192.168.1.18/upload/sewa/Screen Shot 2018-06-07 at 12.46.11.png','2018-07-10 14:37:32'),
(NULL,206,'http://192.168.1.18/upload/sewa/Screen Shot 2018-06-07 at 12.46.11.png','2018-07-10 14:39:53'),
(NULL,207,'http://192.168.1.18/upload/sewa/Screen Shot 2018-06-07 at 12.46.11.png','2018-07-10 14:51:28'),
(NULL,209,'http://192.168.1.18/upload/sewa/Screen Shot 2018-06-07 at 12.46.11.png','2018-07-10 14:54:56'),
(NULL,211,'http://192.168.1.18/upload/sewa/Screen Shot 2018-06-07 at 12.46.11.png','2018-07-10 14:56:44'),
(NULL,216,'http://192.168.1.18/upload/sewa/Screen Shot 2018-06-07 at 12.46.11.png','2018-07-10 15:47:33'),
(NULL,0,'http://192.168.1.18/upload/sewa/Screen Shot 2018-06-07 at 12.46.11.png','2018-07-10 15:50:12'),
(NULL,219,'http://192.168.1.18/upload/sewa/Screen Shot 2018-06-07 at 12.46.11.png','2018-07-10 15:53:48'),
(NULL,220,'http://192.168.1.18/upload/sewa/Screen Shot 2018-06-07 at 12.46.11.png','2018-07-10 16:53:46'),
(NULL,221,'http://192.168.1.18/upload/sewa/Screen Shot 2018-06-07 at 12.46.11.png','2018-07-10 16:55:34'),
(NULL,222,'http://192.168.1.18/upload/sewa/Screen Shot 2018-06-07 at 12.46.11.png','2018-07-10 16:58:39'),
(NULL,225,'http://192.168.1.18/upload/sewa/Screen Shot 2018-06-07 at 12.46.11.png','2018-07-10 17:02:12'),
(NULL,226,'http://192.168.1.18/upload/sewa/Screen Shot 2018-06-07 at 12.46.11.png','2018-07-10 17:04:06'),
(NULL,239,'http://192.168.1.18/upload/sewa/Screen Shot 2018-06-07 at 12.46.11.png','2018-07-10 17:10:50'),
(NULL,179,'http://192.168.1.18/upload/sewa/Screen Shot 2018-07-18 at 15.15.47.png','2018-07-18 15:17:58'),
(NULL,179,'http://192.168.1.18/upload/sewa/Screen Shot 2018-07-18 at 15.15.47.png','2018-07-18 15:20:27'),
(NULL,180,'http://192.168.1.18/upload/sewa/Screen Shot 2018-07-18 at 15.15.47.png','2018-07-18 15:21:01');

/*Table structure for table `m_material` */

DROP TABLE IF EXISTS `m_material`;

CREATE TABLE `m_material` (
  `idmaterial` int(11) NOT NULL AUTO_INCREMENT,
  `nama_material` varchar(30) DEFAULT NULL,
  `harga` varchar(20) DEFAULT NULL,
  `satuan` varchar(20) DEFAULT NULL,
  `stok` int(11) DEFAULT NULL,
  `status` char(1) DEFAULT NULL,
  `date_create` datetime DEFAULT NULL,
  `date_update` datetime DEFAULT NULL,
  `user_create` varchar(15) DEFAULT NULL,
  `user_update` varchar(15) DEFAULT NULL,
  PRIMARY KEY (`idmaterial`)
) ENGINE=InnoDB DEFAULT CHARSET=latin1;

/*Data for the table `m_material` */

/*Table structure for table `m_provinsi` */

DROP TABLE IF EXISTS `m_provinsi`;

CREATE TABLE `m_provinsi` (
  `kdprovinsi` varchar(10) DEFAULT NULL,
  `nama_provinsi` varchar(35) DEFAULT NULL
) ENGINE=InnoDB DEFAULT CHARSET=latin1;

/*Data for the table `m_provinsi` */

insert  into `m_provinsi`(`kdprovinsi`,`nama_provinsi`) values 
('001','Sumatera Utara'),
('002','Bali'),
('003','Bangka Belitung'),
('004','Banten'),
('005','Bengkulu'),
('007','D.I. Yogyakarta'),
('006','DKI Jakarta'),
('008','Gorontalo'),
('009','Jambi'),
('010','Jawa Barat'),
('011','Jawa Tengah'),
('012','Jawa Timur'),
('013','Kalimantan Barat'),
('014','Kalimantan Selatan'),
('015','Kalimantan Tengah'),
('016','Kalimantan Timur'),
('017','Kalimantan Utara'),
('018','Kepulauan Riau'),
('019','Lampung'),
('020','Maluku'),
('021','Maluku Utara'),
('022','Naggroe Aceh Darussalam (NAD)'),
('023','Nusa Tenggara Barat (NTB)'),
('024','Nusa Tenggara Timur (NTT)'),
('025','Papua'),
('026','Papua Barat'),
('027','Riau'),
('028','Sulawesi Barat'),
('029','Sulawesi Selatan'),
('030','Sulawesi Tengah'),
('031','Sulawesi Tenggara'),
('032','Sulawesi Utara'),
('033','Sumatera Barat'),
('034','Sumatera Selatan');

/*Table structure for table `m_setting` */

DROP TABLE IF EXISTS `m_setting`;

CREATE TABLE `m_setting` (
  `PPN` varchar(3) NOT NULL,
  `count_brg` int(5) DEFAULT NULL
) ENGINE=InnoDB DEFAULT CHARSET=latin1;

/*Data for the table `m_setting` */

/*Table structure for table `m_status` */

DROP TABLE IF EXISTS `m_status`;

CREATE TABLE `m_status` (
  `kdstatus` char(2) DEFAULT NULL,
  `description` varchar(20) DEFAULT NULL
) ENGINE=InnoDB DEFAULT CHARSET=latin1;

/*Data for the table `m_status` */

/*Table structure for table `m_suplier` */

DROP TABLE IF EXISTS `m_suplier`;

CREATE TABLE `m_suplier` (
  `kd_suplier` varchar(10) NOT NULL,
  `nama_suplier` varchar(35) DEFAULT NULL,
  `status` char(1) DEFAULT NULL,
  `date_create` datetime DEFAULT NULL,
  `user_create` varchar(35) DEFAULT NULL,
  PRIMARY KEY (`kd_suplier`)
) ENGINE=InnoDB DEFAULT CHARSET=latin1;

/*Data for the table `m_suplier` */

insert  into `m_suplier`(`kd_suplier`,`nama_suplier`,`status`,`date_create`,`user_create`) values 
('001','Toko Besi Laris','1','2017-11-30 11:32:12','ervyjulia'),
('002','Toko Besi Prima','1','2017-11-30 11:32:32','ervyjulia'),
('003','Sinar Mica','1','2017-11-30 11:32:50','ervyjulia'),
('004','Jaya Mica','1','2017-11-30 11:33:10','ervyjulia'),
('005','PT. Semesta Makmur Bersama','1','2017-11-30 11:33:38','ervyjulia'),
('006','Aneka Jaya/Kenari','1','2017-11-30 11:35:55','ervyjulia'),
('007','Garuda Gemilang','1','2017-11-30 11:36:13','ervyjulia'),
('008','PT. Mujur Lima Pratama','1','2017-11-30 11:37:48','ervyjulia'),
('009','Cipta Mandiri Phillip','1','2017-11-30 11:38:04','ervyjulia'),
('010','TB. Restu Bunda','1','2017-11-30 11:38:28','ervyjulia'),
('011','Samudera Agung (Pipa Besar)','1','2017-11-30 11:39:01','ervyjulia'),
('012','Samudera Karya Mulia','1','2017-11-30 11:39:28','ervyjulia'),
('013','Kensign Jaya Mandiri','1','2017-11-30 11:41:21','ervyjulia');

/*Table structure for table `m_user` */

DROP TABLE IF EXISTS `m_user`;

CREATE TABLE `m_user` (
  `id` int(11) NOT NULL AUTO_INCREMENT,
  `username` varchar(35) NOT NULL,
  `password` varchar(255) NOT NULL,
  `nama` varchar(30) NOT NULL,
  `email` varchar(20) NOT NULL,
  `last_login` datetime DEFAULT NULL,
  `date_create` datetime NOT NULL,
  `date_update` datetime DEFAULT NULL,
  `status` varchar(5) NOT NULL,
  `id_cabang` varchar(10) DEFAULT NULL,
  PRIMARY KEY (`id`)
) ENGINE=InnoDB AUTO_INCREMENT=17 DEFAULT CHARSET=latin1;

/*Data for the table `m_user` */

insert  into `m_user`(`id`,`username`,`password`,`nama`,`email`,`last_login`,`date_create`,`date_update`,`status`,`id_cabang`) values 
(1,'ervyjulia','5192201210661e81907a53563a92a1fc','Ervy Juliawita','ervy@arvindo-adv.com',NULL,'2017-11-24 17:56:58',NULL,'1',''),
(2,'Dini','385cde1f7728cf48205309eabbdf31fc','Suci Romadini','info@arvindo-adv.com',NULL,'2017-11-30 10:37:39',NULL,'2',''),
(3,'Nurlela','07ea29822312ad2941859671e2154055','Rizani','rizanigenta@gmail.co',NULL,'2017-11-30 10:39:23',NULL,'5',''),
(4,'bandi','7602e4aadd1ebaf458f2d0a39ccf78a2','ahmad subandi','bandi@arvindo-adv.co',NULL,'2017-11-30 10:43:37',NULL,'4',''),
(5,'asbandi','7602e4aadd1ebaf458f2d0a39ccf78a2','ahmad subandi','bandi@arvindo-adv.co',NULL,'2017-11-30 10:45:04',NULL,'3',''),
(6,'iism','b1b49b6e7cd8cb640d52501f1d1cdaab','iis maisyaroh','iis@arvindo-adv.com',NULL,'2017-11-30 10:46:53',NULL,'5',''),
(7,'arifwiras','43e53a439d8fb57ca07f899b69b1e81f','Arif Wirastiyanto','arifwiras@arvindo-ad',NULL,'2017-11-30 10:48:27',NULL,'1',''),
(8,'rulli','523da103bb363b52695c9ac57d443113','rulli damayanti','rulli.arvindo@gmail.',NULL,'2017-11-30 10:51:28',NULL,'5',''),
(9,'rullidamayanti','523da103bb363b52695c9ac57d443113','rulli damayanti','rulli.arvindo@gmail.',NULL,'2017-11-30 10:52:33',NULL,'6',''),
(10,'Nela21','bb985d87080f3377fcfadc1978aa0dea','Naela Faizah','naela@arvindo-adv.co',NULL,'2017-11-30 10:54:47',NULL,'3',''),
(11,'Aulia1995','453b73936649fad40fd23f6def6cc462','Aulia Lupita Firdaus','auliaAarvindo-adv.co',NULL,'2017-11-30 10:56:52',NULL,'6',''),
(12,'samino','3c5cfe083619fb0208f01ca25f38b6a4','samino amr','sampctn70@gmail.com',NULL,'2017-11-30 10:59:30',NULL,'2',''),
(13,'yahya','d0e6007274b0ea402f86f6b946ea5459','yahya basalamah','yahyaarvindo@gmail.c',NULL,'2017-11-30 11:24:27',NULL,'3',''),
(15,'uci','385cde1f7728cf48205309eabbdf31fc','Suci Romadini','info@arvindo-adv.com',NULL,'2017-12-04 14:42:10',NULL,'3',''),
(16,'arvindo','202cb962ac59075b964b07152d234b70','Arvindo','',NULL,'0000-00-00 00:00:00',NULL,'1',NULL);

/*Table structure for table `t_angsuran` */

DROP TABLE IF EXISTS `t_angsuran`;

CREATE TABLE `t_angsuran` (
  `kdproduksi` varchar(10) DEFAULT NULL,
  `nominal` varchar(15) DEFAULT NULL,
  `tgl_bayar` datetime DEFAULT NULL,
  `tgl_jatuh_tempo` datetime DEFAULT NULL,
  `kdangsuran` int(11) NOT NULL AUTO_INCREMENT,
  PRIMARY KEY (`kdangsuran`)
) ENGINE=InnoDB DEFAULT CHARSET=latin1;

/*Data for the table `t_angsuran` */

/*Table structure for table `t_angsuran_file` */

DROP TABLE IF EXISTS `t_angsuran_file`;

CREATE TABLE `t_angsuran_file` (
  `kdangsuran` varchar(5) DEFAULT NULL,
  `fileupload` varchar(255) DEFAULT NULL,
  `date_create` datetime DEFAULT NULL
) ENGINE=InnoDB DEFAULT CHARSET=latin1;

/*Data for the table `t_angsuran_file` */

/*Table structure for table `t_atk` */

DROP TABLE IF EXISTS `t_atk`;

CREATE TABLE `t_atk` (
  `kdatk` int(11) NOT NULL AUTO_INCREMENT,
  `nama_barang` varchar(120) DEFAULT NULL,
  `stock` int(11) DEFAULT NULL,
  `satuan` varchar(60) DEFAULT NULL,
  `date_create` datetime DEFAULT NULL,
  `date_alert` datetime DEFAULT NULL,
  `user_create` varchar(45) DEFAULT NULL,
  `status` char(3) DEFAULT NULL,
  `idcabang` varchar(15) DEFAULT NULL,
  PRIMARY KEY (`kdatk`)
) ENGINE=InnoDB DEFAULT CHARSET=latin1;

/*Data for the table `t_atk` */

/*Table structure for table `t_atk_gagal` */

DROP TABLE IF EXISTS `t_atk_gagal`;

CREATE TABLE `t_atk_gagal` (
  `id` int(11) NOT NULL AUTO_INCREMENT,
  `nama_barang` varchar(50) DEFAULT NULL,
  `tgl_pakai` datetime DEFAULT NULL,
  `biaya` varchar(20) DEFAULT NULL,
  `datecreated` datetime DEFAULT NULL,
  PRIMARY KEY (`id`)
) ENGINE=InnoDB DEFAULT CHARSET=latin1;

/*Data for the table `t_atk_gagal` */

/*Table structure for table `t_barang` */

DROP TABLE IF EXISTS `t_barang`;

CREATE TABLE `t_barang` (
  `id_trx_brg` int(11) DEFAULT NULL,
  `kd_brg` varchar(24) DEFAULT NULL,
  `stock` int(11) DEFAULT NULL,
  `action` varchar(30) DEFAULT NULL,
  `date_create` datetime DEFAULT NULL,
  `user_create` varchar(45) DEFAULT NULL
) ENGINE=InnoDB DEFAULT CHARSET=latin1;

/*Data for the table `t_barang` */

/*Table structure for table `t_gaji` */

DROP TABLE IF EXISTS `t_gaji`;

CREATE TABLE `t_gaji` (
  `id` int(11) NOT NULL AUTO_INCREMENT,
  `id_karyawan` int(11) DEFAULT NULL,
  `gaji_harian` varchar(15) DEFAULT NULL,
  `hari_kerja` char(2) DEFAULT NULL,
  `gaji_pokok` varchar(15) DEFAULT NULL,
  `over_time` char(3) DEFAULT NULL,
  `uang_makan` varchar(15) DEFAULT NULL,
  `kasbon_harian` varchar(15) DEFAULT NULL,
  `kasbon_bulanan` varchar(15) DEFAULT NULL,
  `bulan` char(2) DEFAULT NULL,
  `minggu` char(1) DEFAULT NULL,
  `tahun` char(4) DEFAULT NULL,
  PRIMARY KEY (`id`)
) ENGINE=InnoDB DEFAULT CHARSET=latin1;

/*Data for the table `t_gaji` */

/*Table structure for table `t_listrik` */

DROP TABLE IF EXISTS `t_listrik`;

CREATE TABLE `t_listrik` (
  `id` int(11) NOT NULL AUTO_INCREMENT,
  `tgl_beli` datetime DEFAULT NULL,
  `tgl_penggunaan_awal` date DEFAULT NULL,
  `tgl_penggunaan_akhir` date DEFAULT NULL,
  `nominal` varchar(50) DEFAULT NULL,
  `watt` varchar(50) DEFAULT NULL,
  `user_created` varchar(35) DEFAULT NULL,
  `user_update` varchar(35) DEFAULT NULL,
  `status` char(1) DEFAULT NULL,
  `keterangan` varchar(50) DEFAULT NULL,
  `idproduksi` int(11) DEFAULT NULL,
  `date_create` datetime DEFAULT NULL,
  PRIMARY KEY (`id`)
) ENGINE=InnoDB AUTO_INCREMENT=36 DEFAULT CHARSET=latin1;

/*Data for the table `t_listrik` */

insert  into `t_listrik`(`id`,`tgl_beli`,`tgl_penggunaan_awal`,`tgl_penggunaan_akhir`,`nominal`,`watt`,`user_created`,`user_update`,`status`,`keterangan`,`idproduksi`,`date_create`) values 
(1,'2018-01-01 00:00:00',NULL,NULL,'1000000','1000','ervyjulia',NULL,'0','billboard harvest',NULL,'2018-01-22 16:05:44'),
(2,'2018-01-18 00:00:00',NULL,NULL,'1000000','4500','iism',NULL,'0','BILLBOARD LASERIN CIREBON',NULL,'2018-02-19 14:21:22'),
(3,'2017-12-22 00:00:00',NULL,NULL,'2000000','2200','iism',NULL,'0','537613531595',NULL,'2018-02-19 16:42:11'),
(4,'2017-12-22 00:00:00',NULL,NULL,'2000000','2200','iism',NULL,'0','537217410437',NULL,'2018-02-19 16:43:26'),
(5,'2017-12-22 00:00:00',NULL,NULL,'2000000','7700','iism',NULL,'0','537412875413',NULL,'2018-02-19 16:44:11'),
(6,'2017-12-22 00:00:00',NULL,NULL,'2000000','4400','iism',NULL,'0','544203533679',NULL,'2018-02-19 16:44:46'),
(7,'2017-12-22 00:00:00',NULL,NULL,'2000000','5500','iism',NULL,'0','547201915387',NULL,'2018-02-19 16:45:29'),
(8,'2017-12-22 00:00:00',NULL,NULL,'1000000','5500','iism',NULL,'0','538113273267',NULL,'2018-02-19 16:46:37'),
(9,'2017-12-22 00:00:00',NULL,NULL,'1000000','5500','iism',NULL,'0','538113273267',NULL,'2018-02-19 16:47:12'),
(10,'2017-12-22 00:00:00',NULL,NULL,'1000000','5500','iism',NULL,'0','538113273267',NULL,'2018-02-19 16:48:59'),
(11,'2017-12-22 00:00:00',NULL,NULL,'2000000','3500','iism',NULL,'0','546202570022',NULL,'2018-02-20 15:24:58'),
(12,'2017-12-22 00:00:00',NULL,NULL,'2000000','5500','iism',NULL,'0','538721946011',NULL,'2018-02-20 15:31:49'),
(13,'2017-12-22 00:00:00',NULL,NULL,'2000000','1300','iism',NULL,'0','543801900903',NULL,'2018-02-20 15:32:24'),
(14,'2017-12-22 00:00:00',NULL,NULL,'2000000','4400','iism',NULL,'0','543104830673',NULL,'2018-02-20 15:32:58'),
(15,'2017-12-22 00:00:00',NULL,NULL,'2000000','2200','iism',NULL,'0','546203550946',NULL,'2018-02-20 15:33:43'),
(16,'2017-12-22 00:00:00',NULL,NULL,'2000000','4400','iism',NULL,'0','537217892833',NULL,'2018-02-20 15:34:22'),
(17,'2017-12-26 00:00:00',NULL,NULL,'1000000','5500','iism',NULL,'0','537613385170',NULL,'2018-02-20 15:36:35'),
(18,'2017-12-26 00:00:00',NULL,NULL,'1000000','5500','iism',NULL,'0','537613385170',NULL,'2018-02-20 15:38:38'),
(19,'2017-12-27 00:00:00',NULL,NULL,'2000000','5500','iism',NULL,'0','546106593607',NULL,'2018-02-20 15:39:43'),
(20,'2017-12-28 00:00:00',NULL,NULL,'2000000','3500','iism',NULL,'0','521072347149',NULL,'2018-02-20 15:40:26'),
(21,'2017-12-27 00:00:00',NULL,NULL,'2000000','2200','iism',NULL,'0','537216793348',NULL,'2018-02-20 15:41:05'),
(22,'2018-02-27 00:00:00',NULL,NULL,'503000','2200','iism',NULL,'0','14206117476',NULL,'2018-04-06 08:43:01'),
(23,'2017-12-06 00:00:00',NULL,NULL,'305000','1300','iism',NULL,'0','56602351076',NULL,'2018-04-06 08:43:49'),
(24,'2018-01-02 00:00:00',NULL,NULL,'202000','1300','iism',NULL,'0','56602487391',NULL,'2018-04-06 09:25:26'),
(25,'2018-01-02 00:00:00',NULL,NULL,'202500','1300','iism',NULL,'0','56603995046',NULL,'2018-04-06 09:26:14'),
(26,'2018-03-23 00:00:00',NULL,NULL,'305000','1300','iism',NULL,'0','56601902762',NULL,'2018-04-06 09:26:47'),
(27,'2017-05-01 00:00:00',NULL,NULL,'202000','900','iism',NULL,'0','32100677080',NULL,'2018-04-06 09:27:20'),
(28,'2016-10-26 00:00:00',NULL,NULL,'304000','900','iism',NULL,'0','14606161015',NULL,'2018-04-06 09:27:45'),
(29,'2017-04-04 00:00:00',NULL,NULL,'255000','1300','iism',NULL,'0','56601064373',NULL,'2018-04-06 09:28:22'),
(30,'2017-03-23 00:00:00',NULL,NULL,'305000','900','iism',NULL,'0','32100570624',NULL,'2018-04-06 09:28:48'),
(31,'2017-03-23 00:00:00',NULL,NULL,'305000','1300','iism',NULL,'0','22112473842',NULL,'2018-04-06 09:29:14'),
(32,'2017-03-23 00:00:00',NULL,NULL,'202500','900','iism',NULL,'0','14225292478',NULL,'2018-04-06 09:29:42'),
(33,'2017-03-23 00:00:00',NULL,NULL,'202500','1300','iism',NULL,'0','45013856666',NULL,'2018-04-06 09:30:11'),
(34,'2017-03-23 00:00:00',NULL,NULL,'502500','2200','iism',NULL,'0','14205292296',NULL,'2018-04-06 09:30:41'),
(35,'2017-03-23 00:00:00',NULL,NULL,'305000','1300','iism',NULL,'0','45013444075',NULL,'2018-04-06 09:31:13');

/*Table structure for table `t_listrik_file` */

DROP TABLE IF EXISTS `t_listrik_file`;

CREATE TABLE `t_listrik_file` (
  `idlistrik` int(11) NOT NULL AUTO_INCREMENT,
  `keterangan` varchar(100) DEFAULT NULL,
  `fileupload` varchar(255) DEFAULT NULL,
  `date_create` datetime DEFAULT NULL,
  `user_create` varchar(35) DEFAULT NULL,
  PRIMARY KEY (`idlistrik`)
) ENGINE=InnoDB AUTO_INCREMENT=36 DEFAULT CHARSET=latin1;

/*Data for the table `t_listrik_file` */

insert  into `t_listrik_file`(`idlistrik`,`keterangan`,`fileupload`,`date_create`,`user_create`) values 
(1,'billboard harvest','','2018-01-22 16:05:44','ervyjulia'),
(2,'BILLBOARD LASERIN CIREBON','','2018-02-19 14:21:22','iism'),
(3,'537613531595','','2018-02-19 16:42:11','iism'),
(4,'537217410437','','2018-02-19 16:43:26','iism'),
(5,'537412875413','','2018-02-19 16:44:11','iism'),
(6,'544203533679','','2018-02-19 16:44:46','iism'),
(7,'547201915387','','2018-02-19 16:45:29','iism'),
(8,'538113273267','','2018-02-19 16:46:37','iism'),
(9,'538113273267','','2018-02-19 16:47:12','iism'),
(10,'538113273267','','2018-02-19 16:48:59','iism'),
(11,'546202570022','','2018-02-20 15:24:58','iism'),
(12,'538721946011','','2018-02-20 15:31:49','iism'),
(13,'543801900903','','2018-02-20 15:32:24','iism'),
(14,'543104830673','','2018-02-20 15:32:58','iism'),
(15,'546203550946','','2018-02-20 15:33:43','iism'),
(16,'537217892833','','2018-02-20 15:34:22','iism'),
(17,'537613385170','','2018-02-20 15:36:35','iism'),
(18,'537613385170','','2018-02-20 15:38:38','iism'),
(19,'546106593607','','2018-02-20 15:39:43','iism'),
(20,'521072347149','','2018-02-20 15:40:26','iism'),
(21,'537216793348','','2018-02-20 15:41:05','iism'),
(22,'14206117476','','2018-04-06 08:43:01','iism'),
(23,'56602351076','','2018-04-06 08:43:49','iism'),
(24,'56602487391','','2018-04-06 09:25:26','iism'),
(25,'56603995046','','2018-04-06 09:26:14','iism'),
(26,'56601902762','','2018-04-06 09:26:47','iism'),
(27,'32100677080','','2018-04-06 09:27:20','iism'),
(28,'14606161015','','2018-04-06 09:27:45','iism'),
(29,'56601064373','','2018-04-06 09:28:22','iism'),
(30,'32100570624','','2018-04-06 09:28:48','iism'),
(31,'22112473842','','2018-04-06 09:29:14','iism'),
(32,'14225292478','','2018-04-06 09:29:42','iism'),
(33,'45013856666','','2018-04-06 09:30:11','iism'),
(34,'14205292296','','2018-04-06 09:30:41','iism'),
(35,'45013444075','','2018-04-06 09:31:13','iism');

/*Table structure for table `t_pajak` */

DROP TABLE IF EXISTS `t_pajak`;

CREATE TABLE `t_pajak` (
  `kdpajak` int(11) NOT NULL AUTO_INCREMENT,
  `kdlokasi` varchar(50) DEFAULT NULL,
  `jatuh_tempo` datetime DEFAULT NULL,
  `tgl_bayar` datetime DEFAULT NULL,
  `status` char(1) DEFAULT NULL,
  PRIMARY KEY (`kdpajak`)
) ENGINE=InnoDB DEFAULT CHARSET=latin1;

/*Data for the table `t_pajak` */

/*Table structure for table `t_penawaran_dtl` */

DROP TABLE IF EXISTS `t_penawaran_dtl`;

CREATE TABLE `t_penawaran_dtl` (
  `idpenawarandtl` int(11) NOT NULL AUTO_INCREMENT,
  `idpenawaranhdr` int(11) DEFAULT NULL,
  `keterangan` text,
  `harga` double DEFAULT NULL,
  `date_create` datetime DEFAULT NULL,
  `date_update` datetime DEFAULT NULL,
  `user_create` varchar(15) DEFAULT NULL,
  `user_update` varchar(15) DEFAULT NULL,
  PRIMARY KEY (`idpenawarandtl`)
) ENGINE=InnoDB AUTO_INCREMENT=479 DEFAULT CHARSET=latin1;

/*Data for the table `t_penawaran_dtl` */

insert  into `t_penawaran_dtl`(`idpenawarandtl`,`idpenawaranhdr`,`keterangan`,`harga`,`date_create`,`date_update`,`user_create`,`user_update`) values 
(9,1,'Pajak Reklame sesuai SKPD',16200000,'2017-12-04 13:19:46',NULL,'dini',NULL),
(10,1,'Sarana Lokasi Perijinan & Koordinasi Team Dinas Terkait',70000000,'2017-12-04 13:19:46',NULL,'dini',NULL),
(11,1,'Rekening Listrik & Jaminan Keamanan Instalasi 1 ( satu ) Tahun',25000000,'2017-12-04 13:19:46',NULL,'dini',NULL),
(12,1,'Jaminan Keamanan, Perawatan & Asuransi',10000000,'2017-12-04 13:19:46',NULL,'dini',NULL),
(13,2,'Pajak Reklame Sesuai SKPD ',50625000,'2017-12-06 10:46:41',NULL,'dini',NULL),
(14,2,'Sarana Lokasi Perijinan & Koordinasi Team Terkait',90000000,'2017-12-06 10:46:41',NULL,'dini',NULL),
(15,2,'Rekening Listrik selama 1 tahun',40000000,'2017-12-06 10:46:41',NULL,'dini',NULL),
(16,2,'Jaminan keamanan perawatan, Asuransi',15000000,'2017-12-06 10:46:41',NULL,'dini',NULL),
(17,3,'Biaya Pembuatan & Pemasangan ',25000000,'2017-12-08 09:29:29',NULL,'dini',NULL),
(18,3,'Sarana Lokasi Jasa Marga & Koordinasi ',50000000,'2017-12-08 09:29:29',NULL,'dini',NULL),
(19,3,'Pajak Reklame ( Sesuai Kontrak ) & Perijinan',50000000,'2017-12-08 09:29:29',NULL,'dini',NULL),
(20,3,'Jaminan Keamanan, Rek. Listrik & Perawatan',10000000,'2017-12-08 09:29:29',NULL,'dini',NULL),
(25,4,'Pajak Reklame',25312500,'2017-12-13 09:23:54',NULL,'dini',NULL),
(26,4,'Sarana Lokasi, perijinan & Koordinasi Dipenda',65000000,'2017-12-13 09:23:54',NULL,'dini',NULL),
(27,4,'Rekening Listrik 1 ( satu ) Tahun',30000000,'2017-12-13 09:23:54',NULL,'dini',NULL),
(28,4,'Jaminan Keamanan, Perawatan & Asuransi ',15000000,'2017-12-13 09:23:54',NULL,'dini',NULL),
(34,6,'Pajak reklame & Perijinan DISPENDA',200000000,'2017-12-14 10:00:21',NULL,'dini',NULL),
(35,6,'Sewa Lokasi & Perijinan PT JLJ 1 ( satu ) Tahun',375000000,'2017-12-14 10:00:21',NULL,'dini',NULL),
(36,6,'Koordinasi Team Perijinan Dinas Terkait',150000000,'2017-12-14 10:00:21',NULL,'dini',NULL),
(37,6,'Rekening Listrik 1 ( satu ) Tahun & Administrasi',80000000,'2017-12-14 10:00:21',NULL,'dini',NULL),
(38,5,'Pajak reklame & Perijinan Dispenda',225000000,'2017-12-14 10:02:08',NULL,'dini',NULL),
(39,5,'Sewa Lokasi & Perijainan PT JLJ 1 ( satu ) Tahun',325000000,'2017-12-14 10:02:08',NULL,'dini',NULL),
(40,5,'Koordinasi Team Perijinan Dinas Terkait',150000000,'2017-12-14 10:02:08',NULL,'dini',NULL),
(41,5,'Rekening Listrik 1 ( satu ) Tahun & Administrasi',80000000,'2017-12-14 10:02:08',NULL,'dini',NULL),
(42,5,'Jaminan Perawatan & Keamanan 1 ( satu ) Tahun',32500000,'2017-12-14 10:02:08',NULL,'dini',NULL),
(43,7,'Pajak reklame sesuai SKPD ( estimasi )',38475000,'2017-12-14 11:39:36',NULL,'dini',NULL),
(44,7,'Sarana Lokasi Jasa Marga & Proses Pengurusan',350000000,'2017-12-14 11:39:36',NULL,'dini',NULL),
(45,7,'Perijinan Dinas terkait & Administrasi',60000000,'2017-12-14 11:39:36',NULL,'dini',NULL),
(46,7,'Rekening Listrik dan Jaminan Instalasi',40000000,'2017-12-14 11:39:36',NULL,'dini',NULL),
(47,7,'Jaminan Keamanan & Perawatan 1 ( satu ) Tahun',20000000,'2017-12-14 11:39:36',NULL,'dini',NULL),
(48,7,'Asuransi',750000,'2017-12-14 11:39:36',NULL,'dini',NULL),
(49,8,'Media Placement',200000000,'2017-12-18 16:07:49',NULL,'dini',NULL),
(50,8,'Kontribusi lokasi Jasa Marga, & Team koordinasi  ',300000000,'2017-12-18 16:07:49',NULL,'dini',NULL),
(51,8,'Pajak reklame,  Perijinan Dan Koordinasi Dinas Terkait',125000000,'2017-12-18 16:07:49',NULL,'dini',NULL),
(52,8,'Penerangan LED  @150 VA 16 ( Enam Belas ) unit',56000000,'2017-12-18 16:07:49',NULL,'dini',NULL),
(53,8,'Instalasi Listrik PLN dan Rekening selama 1 tahun',100000000,'2017-12-18 16:07:49',NULL,'dini',NULL),
(54,8,'Jaminan keamanan, Asuransi & Perawatan',25000000,'2017-12-18 16:07:49',NULL,'dini',NULL),
(55,9,'Pajak Reklame',2100000,'2018-01-08 13:57:07',NULL,'dini',NULL),
(56,9,'Ijin Lokasi ( Pemda )',6500000,'2018-01-08 13:57:07',NULL,'dini',NULL),
(57,9,'Biaya Perijinan',8000000,'2018-01-08 13:57:07',NULL,'dini',NULL),
(58,9,'Biaya Sewa Konstruksi',7000000,'2018-01-08 13:57:07',NULL,'dini',NULL),
(59,9,'Maintenance',1500000,'2018-01-08 13:57:07',NULL,'dini',NULL),
(60,10,'Pajak Reklame',2100000,'2018-01-10 08:59:46',NULL,'dini',NULL),
(61,10,'Ijin Lokasi Pemda',6500000,'2018-01-10 08:59:46',NULL,'dini',NULL),
(62,10,'Biaya Perijinan',8000000,'2018-01-10 08:59:46',NULL,'dini',NULL),
(63,10,'Sewa Konstruksi',7000000,'2018-01-10 08:59:46',NULL,'dini',NULL),
(64,10,'Maintenace',1500000,'2018-01-10 08:59:46',NULL,'dini',NULL),
(65,11,'Media Placement',3900000000,'2018-01-10 09:51:39',NULL,'dini',NULL),
(66,11,'Kontribusi lokasi Jasa Marga, & Team koordinasi',6950000000,'2018-01-10 09:51:39',NULL,'dini',NULL),
(67,11,'Pajak reklame,  Perijinan Dan Koordinasi Dinas Terkait',900000000,'2018-01-10 09:51:39',NULL,'dini',NULL),
(68,11,'Penerangan LED @ 100 watt 16 ( enam belas ) unit',40000000,'2018-01-10 09:51:39',NULL,'dini',NULL),
(69,11,'Instalasi Listrik PLN dan Rekening selama',87000000,'2018-01-10 09:51:39',NULL,'dini',NULL),
(70,11,'Jaminan keamanan, Asuransi & Perawatan',77000000,'2018-01-10 09:51:39',NULL,'dini',NULL),
(107,18,'Media Placement',200000000,'2018-01-12 10:27:23',NULL,'dini',NULL),
(108,18,'Pajak Reklame, Perijinan & Koordinasi ke Dinas terkait',90000000,'2018-01-12 10:27:23',NULL,'dini',NULL),
(109,18,'Kontribusi lokasi Jasa Marga & Team kordinasi',350000000,'2018-01-12 10:27:23',NULL,'dini',NULL),
(110,18,'Penerangan LED @ 100 Watt  25 ( Dua Puluh Lima ) unit',75000000,'2018-01-12 10:27:23',NULL,'dini',NULL),
(111,18,'Instalasi Listrik PLN & Rekening Listrik ',60000000,'2018-01-12 10:27:23',NULL,'dini',NULL),
(112,18,'Jaminan Keamanan,  Perawatan, & Asuransi',25000000,'2018-01-12 10:27:23',NULL,'dini',NULL),
(122,21,'Media Placement ',120000000,'2018-01-12 11:51:21',NULL,'dini',NULL),
(123,21,'Koordinasi Dinas Terkait & Sarana lokasi',100000000,'2018-01-12 11:51:21',NULL,'dini',NULL),
(124,21,'Pajak reklame & Perijinan Dinas Terkait',150000000,'2018-01-12 11:51:21',NULL,'dini',NULL),
(125,21,'Pembayaran internet 3 tahun',90000000,'2018-01-12 11:51:21',NULL,'dini',NULL),
(126,21,'Rekening listrik 3 tahun',90000000,'2018-01-12 11:51:21',NULL,'dini',NULL),
(127,21,'Jaminan keamanan & Asuransi ',75000000,'2018-01-12 11:51:21',NULL,'dini',NULL),
(128,22,'Sarana lokasi & Koordinasi',150000000,'2018-01-18 09:30:42',NULL,'dini',NULL),
(129,22,'Pajak reklame dan Perijinan Dipenda',125000000,'2018-01-18 09:30:42',NULL,'dini',NULL),
(130,22,'Perijinan & Koordinasi Dinas terkait',150000000,'2018-01-18 09:30:42',NULL,'dini',NULL),
(131,22,'Penyambungan daya listrik & Instalasi 16.500 VA Dll',75000000,'2018-01-18 09:30:42',NULL,'dini',NULL),
(132,22,'Rekening listrik, Asuransi, Perawatan',160000000,'2018-01-18 09:30:42',NULL,'dini',NULL),
(133,22,'Jaminan keamanan dan Koordinasi Lingkungan / Pembuatan taman',75000000,'2018-01-18 09:30:42',NULL,'dini',NULL),
(134,22,'Pengurusan pemasangan internet & pembayaran rekening selama 3 thn',60000000,'2018-01-18 09:30:42',NULL,'dini',NULL),
(135,23,'Pajak',2190000,'2018-01-22 16:02:29',NULL,'DINI',NULL),
(136,23,'Perijinan',5500000,'2018-01-22 16:02:29',NULL,'DINI',NULL),
(137,23,'Media Placement',10000000,'2018-01-22 16:02:29',NULL,'DINI',NULL),
(138,23,'Sarana Lokasi',5500000,'2018-01-22 16:02:29',NULL,'DINI',NULL),
(139,23,'Maintenance',2000000,'2018-01-22 16:02:29',NULL,'DINI',NULL),
(140,23,'Asuransi',800000,'2018-01-22 16:02:29',NULL,'DINI',NULL),
(141,24,'040.ADPI - QEJ.IV.2017',40000000,'2018-02-02 12:13:59',NULL,'ervyjulia',NULL),
(142,25,'040.ADPI - QEJ.IV.2017',40000000,'2018-02-02 12:15:44',NULL,'ervyjulia',NULL),
(143,26,'Pajak',14782500,'2018-02-06 14:31:43',NULL,'dini',NULL),
(144,26,'Ijin Lokasi',3000000,'2018-02-06 14:31:43',NULL,'dini',NULL),
(145,26,'Biaya Perijinan',5000000,'2018-02-06 14:31:43',NULL,'dini',NULL),
(146,26,'Sewa Konstruksi',6000000,'2018-02-06 14:31:43',NULL,'dini',NULL),
(147,26,'Listrik',5000000,'2018-02-06 14:31:43',NULL,'dini',NULL),
(148,26,'Asuransi',600000,'2018-02-06 14:31:43',NULL,'dini',NULL),
(149,26,'Maintenance',2500000,'2018-02-06 14:31:43',NULL,'dini',NULL),
(150,27,'SKPD',3175000,'2018-02-07 13:54:03',NULL,'dini',NULL),
(151,27,'Media Placement',8000000,'2018-02-07 13:54:03',NULL,'dini',NULL),
(152,27,'Perijinan & Sarana Lokasi',8500000,'2018-02-07 13:54:03',NULL,'dini',NULL),
(153,27,'Perawatan',1500000,'2018-02-07 13:54:03',NULL,'dini',NULL),
(154,27,'Asuransi',600000,'2018-02-07 13:54:03',NULL,'dini',NULL),
(155,28,'SKPD',2340000,'2018-02-07 14:02:34',NULL,'dini',NULL),
(156,28,'Media Placement',8000000,'2018-02-07 14:02:34',NULL,'dini',NULL),
(157,28,'Perawatan',2500000,'2018-02-07 14:02:34',NULL,'dini',NULL),
(158,28,'Penerangan',5000000,'2018-02-07 14:02:34',NULL,'dini',NULL),
(159,28,'Asuransi',600000,'2018-02-07 14:02:34',NULL,'dini',NULL),
(163,30,'SKPD',2695312,'2018-02-08 10:13:53',NULL,'dini',NULL),
(164,30,'Media Placement',8000000,'2018-02-08 10:13:53',NULL,'dini',NULL),
(165,30,'Perijinan & Sarana Lokasi',8000000,'2018-02-08 10:13:53',NULL,'dini',NULL),
(166,30,'Perawatan',1500000,'2018-02-08 10:13:53',NULL,'dini',NULL),
(167,30,'Asuransi',600000,'2018-02-08 10:13:53',NULL,'dini',NULL),
(168,31,'SKPD',2695312,'2018-02-08 10:46:22',NULL,'dini',NULL),
(169,31,'Media Placement',8000000,'2018-02-08 10:46:22',NULL,'dini',NULL),
(170,31,'Perijinan & Sarana Lokasi',7000000,'2018-02-08 10:46:22',NULL,'dini',NULL),
(171,31,'Perawatan',1500000,'2018-02-08 10:46:22',NULL,'dini',NULL),
(172,31,'Asuransi',600000,'2018-02-08 10:46:22',NULL,'dini',NULL),
(178,32,'Pajak',15712380,'2018-02-08 12:16:59',NULL,'dini',NULL),
(179,32,'Ijin Lokasi',3000000,'2018-02-08 12:16:59',NULL,'dini',NULL),
(180,32,'Biaya Perijinan',5000000,'2018-02-08 12:16:59',NULL,'dini',NULL),
(181,32,'Listrik',5000000,'2018-02-08 12:16:59',NULL,'dini',NULL),
(182,32,'Maintenace',2500000,'2018-02-08 12:16:59',NULL,'dini',NULL),
(183,32,'sewa konstruksi',6000000,'2018-02-08 12:16:59',NULL,'dini',NULL),
(184,32,'Asuransi',600000,'2018-02-08 12:16:59',NULL,'dini',NULL),
(185,33,'SKPD',1617000,'2018-02-14 14:42:35',NULL,'dini',NULL),
(186,33,'Media Placement',8000000,'2018-02-14 14:42:35',NULL,'dini',NULL),
(187,33,'Perijinan & Sarana Lokasi',7000000,'2018-02-14 14:42:35',NULL,'dini',NULL),
(188,33,'Perawatan',1500000,'2018-02-14 14:42:35',NULL,'dini',NULL),
(189,33,'Asuransi',600000,'2018-02-14 14:42:35',NULL,'dini',NULL),
(199,29,'SKPD',2775000,'2018-02-14 14:55:07',NULL,'dini',NULL),
(200,29,'Perijinan & Sarana Lokasi',7000000,'2018-02-14 14:55:07',NULL,'dini',NULL),
(201,29,'Penerangan',5000000,'2018-02-14 14:55:07',NULL,'dini',NULL),
(202,29,'Media Placement',8000000,'2018-02-14 14:55:07',NULL,'dini',NULL),
(203,29,'Perawatan',2500000,'2018-02-14 14:55:07',NULL,'dini',NULL),
(204,34,'Pajak',2156250,'2018-02-20 10:42:46',NULL,'dini',NULL),
(205,34,'Media Placement',8000000,'2018-02-20 10:42:46',NULL,'dini',NULL),
(206,34,'Perijinan & Sarana Lokasi',8000000,'2018-02-20 10:42:46',NULL,'dini',NULL),
(207,34,'Perawatan',1500000,'2018-02-20 10:42:46',NULL,'dini',NULL),
(208,34,'Asuransi',750000,'2018-02-20 10:42:46',NULL,'dini',NULL),
(209,35,'SKPD',1620000,'2018-02-20 10:56:27',NULL,'dini',NULL),
(210,35,'Media Placement',8000000,'2018-02-20 10:56:27',NULL,'dini',NULL),
(211,35,'Perijinan & Sarana Lokasi',8000000,'2018-02-20 10:56:27',NULL,'dini',NULL),
(212,35,'Perawatan',1500000,'2018-02-20 10:56:27',NULL,'dini',NULL),
(213,35,'Asuransi',750000,'2018-02-20 10:56:27',NULL,'dini',NULL),
(244,37,'SKPD',1620000,'2018-02-21 11:38:11',NULL,'dini',NULL),
(245,37,'Media Placement',8000000,'2018-02-21 11:38:11',NULL,'dini',NULL),
(246,37,'Perijinan & Sarana Lokasi',8000000,'2018-02-21 11:38:11',NULL,'dini',NULL),
(247,37,'Perawatan',1500000,'2018-02-21 11:38:11',NULL,'dini',NULL),
(248,37,'Asuransi',750000,'2018-02-21 11:38:11',NULL,'dini',NULL),
(249,38,'SKPD',2156000,'2018-03-27 16:18:00',NULL,'dini',NULL),
(250,38,'Media Placement',8000000,'2018-03-27 16:18:00',NULL,'dini',NULL),
(251,38,'Periijinan & Sarana Lokasi',8500000,'2018-03-27 16:18:00',NULL,'dini',NULL),
(252,38,'Perawatan',1500000,'2018-03-27 16:18:00',NULL,'dini',NULL),
(253,38,'Asuransi',600000,'2018-03-27 16:18:00',NULL,'dini',NULL),
(254,39,'Biaya All in 3 Tahun ',475000000,'2018-04-02 10:58:49',NULL,'DINI',NULL),
(255,39,'',0,'2018-04-02 10:58:49',NULL,'DINI',NULL),
(261,40,'SKPD',2377500,'2018-05-15 11:28:26',NULL,'dini',NULL),
(262,40,'Ijin Lokasi',2500000,'2018-05-15 11:28:26',NULL,'dini',NULL),
(263,40,'Biaya Perijinan',3500000,'2018-05-15 11:28:26',NULL,'dini',NULL),
(264,40,'Konstruksi',4000000,'2018-05-15 11:28:26',NULL,'dini',NULL),
(265,40,'Maintenance',1000000,'2018-05-15 11:28:26',NULL,'dini',NULL),
(271,42,'Pajak',2100000,'2018-05-31 12:15:13',NULL,'DINI',NULL),
(272,42,'Ijin Lokasi',6500000,'2018-05-31 12:15:13',NULL,'DINI',NULL),
(273,42,'Biaya Perijinan',8000000,'2018-05-31 12:15:13',NULL,'DINI',NULL),
(274,42,'Sewa Konstruksi',7000000,'2018-05-31 12:15:13',NULL,'DINI',NULL),
(275,42,'Maintenance',1500000,'2018-05-31 12:15:13',NULL,'DINI',NULL),
(276,43,'Pajak Reklame',2100000,'2018-05-31 12:17:22',NULL,'DINI',NULL),
(277,43,'Ijin lokasi ',6500000,'2018-05-31 12:17:22',NULL,'DINI',NULL),
(278,43,'Biaya Periijinan',8000000,'2018-05-31 12:17:22',NULL,'DINI',NULL),
(279,43,'Sewa Konstrusksi',7000000,'2018-05-31 12:17:22',NULL,'DINI',NULL),
(280,43,'Maintenance',1500000,'2018-05-31 12:17:22',NULL,'DINI',NULL),
(281,44,'Pajak',3575000,'2018-05-31 12:41:03',NULL,'DINI',NULL),
(282,44,'Ijin Lokasi',5000000,'2018-05-31 12:41:03',NULL,'DINI',NULL),
(283,44,'Biaya Perijinan',5000000,'2018-05-31 12:41:03',NULL,'DINI',NULL),
(284,44,'Sewa Konstruksi',6500000,'2018-05-31 12:41:03',NULL,'DINI',NULL),
(285,44,'Maintenance',1500000,'2018-05-31 12:41:03',NULL,'DINI',NULL),
(286,45,'Pajak Reklame',3575000,'2018-05-31 12:48:19',NULL,'DINI',NULL),
(287,45,'Ijin Lokasi',5000000,'2018-05-31 12:48:19',NULL,'DINI',NULL),
(288,45,'Biaya Perijinan',5000000,'2018-05-31 12:48:19',NULL,'DINI',NULL),
(289,45,'Sewa Konstruksi',6500000,'2018-05-31 12:48:19',NULL,'DINI',NULL),
(290,45,'Maintenance',1500000,'2018-05-31 12:48:19',NULL,'DINI',NULL),
(291,46,'Pajak Reklame',1118000,'2018-05-31 12:54:10',NULL,'DINI',NULL),
(292,46,'Ijin Lokasi ',2500000,'2018-05-31 12:54:10',NULL,'DINI',NULL),
(293,46,'Biaya Perijinan',3500000,'2018-05-31 12:54:10',NULL,'DINI',NULL),
(294,46,'Sewa Konstruksi',4000000,'2018-05-31 12:54:10',NULL,'DINI',NULL),
(295,46,'Maintenance',1000000,'2018-05-31 12:54:10',NULL,'DINI',NULL),
(296,47,'Pajak Reklame',1118000,'2018-05-31 12:56:47',NULL,'DINI',NULL),
(297,47,'Ijin Lokasi',2500000,'2018-05-31 12:56:47',NULL,'DINI',NULL),
(298,47,'Biaya Perijinan',3500000,'2018-05-31 12:56:47',NULL,'DINI',NULL),
(299,47,'Sewa Konstruksi',4000000,'2018-05-31 12:56:47',NULL,'DINI',NULL),
(300,47,'Maintenance',1000000,'2018-05-31 12:56:47',NULL,'DINI',NULL),
(301,48,'Pajak Reklame',500000,'2018-05-31 12:59:46',NULL,'DINI',NULL),
(302,48,'Ijin Lokasi',2500000,'2018-05-31 12:59:46',NULL,'DINI',NULL),
(303,48,'Biaya Perijinan',3500000,'2018-05-31 12:59:46',NULL,'DINI',NULL),
(304,48,'Sewa Konstruksi',4000000,'2018-05-31 12:59:46',NULL,'DINI',NULL),
(305,48,'Maintenance',1000000,'2018-05-31 12:59:46',NULL,'DINI',NULL),
(306,49,'Pajak Reklame',1138750,'2018-05-31 13:02:02',NULL,'DINI',NULL),
(307,49,'Ijin Lokasi',2500000,'2018-05-31 13:02:02',NULL,'DINI',NULL),
(308,49,'Biaya Perijinan',3500000,'2018-05-31 13:02:02',NULL,'DINI',NULL),
(309,49,'Sewa Konstruksi',4000000,'2018-05-31 13:02:02',NULL,'DINI',NULL),
(310,49,'Maintenance',1000000,'2018-05-31 13:02:02',NULL,'DINI',NULL),
(311,50,'Pajak Reklame',1138750,'2018-05-31 13:04:00',NULL,'DINI',NULL),
(312,50,'Ijin Lokasi',2500000,'2018-05-31 13:04:00',NULL,'DINI',NULL),
(313,50,'Biaya Perijinan',3500000,'2018-05-31 13:04:00',NULL,'DINI',NULL),
(314,50,'Sewa Konstruksi',4000000,'2018-05-31 13:04:00',NULL,'DINI',NULL),
(315,50,'Maintenance',1000000,'2018-05-31 13:04:00',NULL,'DINI',NULL),
(316,51,'Pajak Reklame',1138750,'2018-05-31 13:05:56',NULL,'DINI',NULL),
(317,51,'Ijin Lokasi',2500000,'2018-05-31 13:05:56',NULL,'DINI',NULL),
(318,51,'Biaya Perijinan',3500000,'2018-05-31 13:05:56',NULL,'DINI',NULL),
(319,51,'Sewa Konstruksi',4000000,'2018-05-31 13:05:56',NULL,'DINI',NULL),
(320,51,'Maintenance',1000000,'2018-05-31 13:05:56',NULL,'DINI',NULL),
(321,52,'Pajak Reklame',1118000,'2018-05-31 13:09:07',NULL,'DINI',NULL),
(322,52,'Ijin Lokasi',2500000,'2018-05-31 13:09:07',NULL,'DINI',NULL),
(323,52,'Biaya Perijinan',3500000,'2018-05-31 13:09:07',NULL,'DINI',NULL),
(324,52,'Sewa Konstruksi',4000000,'2018-05-31 13:09:07',NULL,'DINI',NULL),
(325,52,'Maintenance',1000000,'2018-05-31 13:09:07',NULL,'DINI',NULL),
(326,53,'SKPD',2377500,'2018-05-31 13:15:14',NULL,'DINI',NULL),
(327,53,'Ijin lokasi',2500000,'2018-05-31 13:15:14',NULL,'DINI',NULL),
(328,53,'Biaya Perijinan',3500000,'2018-05-31 13:15:14',NULL,'DINI',NULL),
(329,53,'Sewa Konstruksi',4000000,'2018-05-31 13:15:14',NULL,'DINI',NULL),
(330,53,'Maintenance',1000000,'2018-05-31 13:15:14',NULL,'DINI',NULL),
(331,54,'SKPD',2377500,'2018-05-31 13:15:14',NULL,'DINI',NULL),
(332,54,'Ijin lokasi',2500000,'2018-05-31 13:15:14',NULL,'DINI',NULL),
(333,54,'Biaya Perijinan',3500000,'2018-05-31 13:15:14',NULL,'DINI',NULL),
(334,54,'Sewa Konstruksi',4000000,'2018-05-31 13:15:14',NULL,'DINI',NULL),
(335,54,'Maintenance',1000000,'2018-05-31 13:15:14',NULL,'DINI',NULL),
(336,55,'SKPD',2377500,'2018-05-31 13:15:14',NULL,'DINI',NULL),
(337,55,'Ijin lokasi',2500000,'2018-05-31 13:15:14',NULL,'DINI',NULL),
(338,55,'Biaya Perijinan',3500000,'2018-05-31 13:15:14',NULL,'DINI',NULL),
(339,55,'Sewa Konstruksi',4000000,'2018-05-31 13:15:14',NULL,'DINI',NULL),
(340,55,'Maintenance',1000000,'2018-05-31 13:15:14',NULL,'DINI',NULL),
(341,56,'Pajak Reklame',2515500,'2018-05-31 13:36:57',NULL,'DINI',NULL),
(342,56,'Ijin Lokasi',2500000,'2018-05-31 13:36:57',NULL,'DINI',NULL),
(343,56,'Biaya Perijinan',3500000,'2018-05-31 13:36:57',NULL,'DINI',NULL),
(344,56,'Sewa Konstruksi',4000000,'2018-05-31 13:36:57',NULL,'DINI',NULL),
(345,56,'Maintenance',1000000,'2018-05-31 13:36:57',NULL,'DINI',NULL),
(346,57,'Pajak Reklame',2463750,'2018-06-04 10:48:55',NULL,'dini',NULL),
(347,57,'Ijin Lokasi ( Swasta )',4000000,'2018-06-04 10:48:55',NULL,'dini',NULL),
(348,57,'Biaya Perijinan',6500000,'2018-06-04 10:48:55',NULL,'dini',NULL),
(349,57,'Sewa Konstruksi',10000000,'2018-06-04 10:48:55',NULL,'dini',NULL),
(350,57,'Asuransi',600000,'2018-06-04 10:48:55',NULL,'dini',NULL),
(351,57,'Maintenance',1500000,'2018-06-04 10:48:55',NULL,'dini',NULL),
(352,58,'Pajak Reklame',2463750,'2018-06-04 10:57:18',NULL,'dini',NULL),
(353,58,'Ijin Lokasi',4000000,'2018-06-04 10:57:18',NULL,'dini',NULL),
(354,58,'Biaya Perijinan',6500000,'2018-06-04 10:57:18',NULL,'dini',NULL),
(355,58,'Sewa Konstruksi',10000000,'2018-06-04 10:57:18',NULL,'dini',NULL),
(356,58,'Asuransi',600000,'2018-06-04 10:57:18',NULL,'dini',NULL),
(357,58,'Maintenance',1500000,'2018-06-04 10:57:18',NULL,'dini',NULL),
(358,59,'Pajak Reklame',2463750,'2018-06-04 10:59:50',NULL,'dini',NULL),
(359,59,'Ijin Lokasi',4000000,'2018-06-04 10:59:50',NULL,'dini',NULL),
(360,59,'Biaya Perijinan',6500000,'2018-06-04 10:59:50',NULL,'dini',NULL),
(361,59,'Sewa Konstruksi',10000000,'2018-06-04 10:59:50',NULL,'dini',NULL),
(362,59,'Asuransi',600000,'2018-06-04 10:59:50',NULL,'dini',NULL),
(363,59,'Maintenance',1500000,'2018-06-04 10:59:50',NULL,'dini',NULL),
(364,60,'Pajak Reklame ',2463750,'2018-06-04 11:02:37',NULL,'dini',NULL),
(365,60,'Ijin Lokasi',4000000,'2018-06-04 11:02:37',NULL,'dini',NULL),
(366,60,'Biaya Perijinan',6500000,'2018-06-04 11:02:37',NULL,'dini',NULL),
(367,60,'Sewa Konstruksi',10000000,'2018-06-04 11:02:37',NULL,'dini',NULL),
(368,60,'Asuransi',600000,'2018-06-04 11:02:37',NULL,'dini',NULL),
(369,60,'Maintenance',1500000,'2018-06-04 11:02:37',NULL,'dini',NULL),
(370,61,'Pajak Reklame',1642500,'2018-06-04 11:15:11',NULL,'dini',NULL),
(371,61,'Perijinan',6000000,'2018-06-04 11:15:11',NULL,'dini',NULL),
(372,61,'Media Placement',10000000,'2018-06-04 11:15:11',NULL,'dini',NULL),
(373,61,'Sarana Lokasi',6000000,'2018-06-04 11:15:11',NULL,'dini',NULL),
(374,61,'Maintenance',2000000,'2018-06-04 11:15:11',NULL,'dini',NULL),
(375,61,'Asuransi',750000,'2018-06-04 11:15:11',NULL,'dini',NULL),
(376,62,'biaya all in',210000000,'2018-06-04 11:25:21',NULL,'ervyjulia',NULL),
(377,63,'Pajak Reklame',3400000,'2018-06-04 11:26:42',NULL,'dini',NULL),
(378,63,'Perijinan',6000000,'2018-06-04 11:26:42',NULL,'dini',NULL),
(379,63,'Media Placement',10000000,'2018-06-04 11:26:42',NULL,'dini',NULL),
(380,63,'Sarana Lokasi',7000000,'2018-06-04 11:26:42',NULL,'dini',NULL),
(381,63,'Mainrtenance',2000000,'2018-06-04 11:26:42',NULL,'dini',NULL),
(382,63,'Asuransi',750000,'2018-06-04 11:26:42',NULL,'dini',NULL),
(383,64,'Pajak Reklame',4106250,'2018-06-04 11:48:26',NULL,'dini',NULL),
(384,64,'Perijinan',6000000,'2018-06-04 11:48:26',NULL,'dini',NULL),
(385,64,'Media Placement',10000000,'2018-06-04 11:48:26',NULL,'dini',NULL),
(386,64,'Sarana Lokasi',5000000,'2018-06-04 11:48:26',NULL,'dini',NULL),
(387,64,'Maintenance',2000000,'2018-06-04 11:48:26',NULL,'dini',NULL),
(388,64,'Asuransi',750000,'2018-06-04 11:48:26',NULL,'dini',NULL),
(389,65,'Pajak Reklame',3285000,'2018-06-04 11:51:45',NULL,'dini',NULL),
(390,65,'Perijinan',6000000,'2018-06-04 11:51:45',NULL,'dini',NULL),
(391,65,'Media Placement',10000000,'2018-06-04 11:51:45',NULL,'dini',NULL),
(392,65,'Sarana Lokasi',5000000,'2018-06-04 11:51:45',NULL,'dini',NULL),
(393,65,'Maintenance',2000000,'2018-06-04 11:51:45',NULL,'dini',NULL),
(394,65,'Asuransi',750000,'2018-06-04 11:51:45',NULL,'dini',NULL),
(395,66,'Pajak Reklame',3400000,'2018-06-04 11:55:23',NULL,'dini',NULL),
(396,66,'Perijinan',6000000,'2018-06-04 11:55:23',NULL,'dini',NULL),
(397,66,'Media Placement',10000000,'2018-06-04 11:55:23',NULL,'dini',NULL),
(398,66,'Sarana Lokasi',7000000,'2018-06-04 11:55:23',NULL,'dini',NULL),
(399,66,'Maintenance',2000000,'2018-06-04 11:55:23',NULL,'dini',NULL),
(400,66,'Asuransi',750000,'2018-06-04 11:55:23',NULL,'dini',NULL),
(401,67,'Pajak Reklame',3400000,'2018-06-04 11:57:46',NULL,'dini',NULL),
(402,67,'Perijinan',6000000,'2018-06-04 11:57:46',NULL,'dini',NULL),
(403,67,'Media Placement',10000000,'2018-06-04 11:57:46',NULL,'dini',NULL),
(404,67,'Sarana Lokasi',6000000,'2018-06-04 11:57:46',NULL,'dini',NULL),
(405,67,'Maintenance',2000000,'2018-06-04 11:57:46',NULL,'dini',NULL),
(406,67,'Asuransi',750000,'2018-06-04 11:57:46',NULL,'dini',NULL),
(413,69,'Pajak Reklame',4110937,'2018-06-04 12:56:09',NULL,'dini',NULL),
(414,69,'Ijin Lokasi',4000000,'2018-06-04 12:56:09',NULL,'dini',NULL),
(415,69,'Biaya Perijinan',6000000,'2018-06-04 12:56:09',NULL,'dini',NULL),
(416,69,'Sewa Konstruksi',6500000,'2018-06-04 12:56:09',NULL,'dini',NULL),
(417,69,'Listrik',6000000,'2018-06-04 12:56:09',NULL,'dini',NULL),
(418,69,'Asuransi',600000,'2018-06-04 12:56:09',NULL,'dini',NULL),
(419,69,'Maintenance',2500000,'2018-06-04 12:56:09',NULL,'dini',NULL),
(420,70,'Pajak Reklame',4110937,'2018-06-04 13:08:42',NULL,'dini',NULL),
(421,70,'Ijin Lokasi',4000000,'2018-06-04 13:08:42',NULL,'dini',NULL),
(422,70,'Biaya Perijinan',6000000,'2018-06-04 13:08:42',NULL,'dini',NULL),
(423,70,'Sewa Konstruksi',6500000,'2018-06-04 13:08:42',NULL,'dini',NULL),
(424,70,'Listrik',6000000,'2018-06-04 13:08:42',NULL,'dini',NULL),
(425,70,'Asuransi',600000,'2018-06-04 13:08:42',NULL,'dini',NULL),
(426,70,'Maintenance',2500000,'2018-06-04 13:08:42',NULL,'dini',NULL),
(427,71,'Media Placement',100000000,'2018-06-06 10:22:42',NULL,'DINI',NULL),
(428,71,'Biaya sewa & sarana lokasi',79000000,'2018-06-06 10:22:42',NULL,'DINI',NULL),
(429,71,'Biaya Perijinan & koordinasi terkait',25000000,'2018-06-06 10:22:42',NULL,'DINI',NULL),
(430,71,'Penerangan & rek. listrik',25000000,'2018-06-06 10:22:42',NULL,'DINI',NULL),
(431,71,'Jaminan Keamanan, asuransi, & perawatan',25000000,'2018-06-06 10:22:42',NULL,'DINI',NULL),
(432,71,'Pajak Reklame',21210000,'2018-06-06 10:22:42',NULL,'DINI',NULL),
(433,72,'Pajak Reklame',2100000,'2018-06-07 13:57:09',NULL,'dini',NULL),
(434,72,'Ijin Lokasi',6500000,'2018-06-07 13:57:09',NULL,'dini',NULL),
(435,72,'Biaya Perijinan',8000000,'2018-06-07 13:57:09',NULL,'dini',NULL),
(436,72,'Sewa Konstruksi',7000000,'2018-06-07 13:57:09',NULL,'dini',NULL),
(437,72,'Maintenance',1500000,'2018-06-07 13:57:09',NULL,'dini',NULL),
(438,73,'Pajak',2100000,'2018-06-08 09:20:47',NULL,'dini',NULL),
(439,73,'Ijin Lokasi',6500000,'2018-06-08 09:20:47',NULL,'dini',NULL),
(440,73,'Biaya Perijinan',8000000,'2018-06-08 09:20:47',NULL,'dini',NULL),
(441,73,'Sewa Konstruksi',7000000,'2018-06-08 09:20:47',NULL,'dini',NULL),
(442,73,'Maintenance',1500000,'2018-06-08 09:20:47',NULL,'dini',NULL),
(443,74,'Pajak Reklame',1617000,'2018-06-29 16:13:56',NULL,'dini',NULL),
(444,74,'Biaya Perijinan',5000000,'2018-06-29 16:13:56',NULL,'dini',NULL),
(445,74,'Sewa Konstruksi ',6000000,'2018-06-29 16:13:56',NULL,'dini',NULL),
(446,74,'Asuransi',750000,'2018-06-29 16:13:56',NULL,'dini',NULL),
(447,74,'Maintenance',1500000,'2018-06-29 16:13:56',NULL,'dini',NULL),
(448,74,'Ijin Lokasi',4500000,'2018-06-29 16:13:56',NULL,'dini',NULL),
(449,75,'Pajak ',2156000,'2018-06-29 16:18:57',NULL,'dini',NULL),
(450,75,'Ijin Lokasi',4500000,'2018-06-29 16:18:57',NULL,'dini',NULL),
(451,75,'Biaya Perijinan',5000000,'2018-06-29 16:18:57',NULL,'dini',NULL),
(452,75,'Sewa Konstruksi',7000000,'2018-06-29 16:18:57',NULL,'dini',NULL),
(453,75,'Asuransi',750000,'2018-06-29 16:18:57',NULL,'dini',NULL),
(454,75,'Maintenance',1500000,'2018-06-29 16:18:57',NULL,'dini',NULL),
(455,76,'Pajak',2587500,'2018-06-29 16:38:06',NULL,'dini',NULL),
(456,76,'Ijin Lokasi',4500000,'2018-06-29 16:38:06',NULL,'dini',NULL),
(457,76,'Biaya Perijinan',5000000,'2018-06-29 16:38:06',NULL,'dini',NULL),
(458,76,'Sewa Konstruksi',7000000,'2018-06-29 16:38:06',NULL,'dini',NULL),
(459,76,'Asuransi',750000,'2018-06-29 16:38:06',NULL,'dini',NULL),
(460,76,'Maintenance',1500000,'2018-06-29 16:38:06',NULL,'dini',NULL),
(461,77,'Pajak ',2156000,'2018-07-02 11:03:02',NULL,'dini',NULL),
(462,77,'Ijin Lokasi',4500000,'2018-07-02 11:03:02',NULL,'dini',NULL),
(463,77,'Perijinan',5000000,'2018-07-02 11:03:02',NULL,'dini',NULL),
(464,77,'Sewa',7000000,'2018-07-02 11:03:02',NULL,'dini',NULL),
(465,77,'Asuransi',750000,'2018-07-02 11:03:02',NULL,'dini',NULL),
(466,77,'Maintenance',1500000,'2018-07-02 11:03:02',NULL,'dini',NULL),
(467,78,'Pajak',2587500,'2018-07-02 11:06:57',NULL,'dini',NULL),
(468,78,'Ijin Lokasi',4500000,'2018-07-02 11:06:57',NULL,'dini',NULL),
(469,78,'Perijinan',5000000,'2018-07-02 11:06:57',NULL,'dini',NULL),
(470,78,'Sewa',7000000,'2018-07-02 11:06:57',NULL,'dini',NULL),
(471,78,'Asuransi',750000,'2018-07-02 11:06:57',NULL,'dini',NULL),
(472,78,'Maintenance',1500000,'2018-07-02 11:06:57',NULL,'dini',NULL),
(473,79,'biaya all in',41000000,'2018-07-04 16:04:39',NULL,'ervyjulia',NULL),
(474,80,'biaya all in',41000000,'2018-07-04 16:06:14',NULL,'ervyjulia',NULL),
(475,81,'biaya all in',41000000,'2018-07-04 16:07:14',NULL,'ervyjulia',NULL),
(476,82,'biaya all in',42000000,'2018-07-04 16:08:07',NULL,'ervyjulia',NULL),
(478,19,'Media palacement',165000000,'2018-07-17 11:52:54',NULL,'dini',NULL);

/*Table structure for table `t_penawaran_file` */

DROP TABLE IF EXISTS `t_penawaran_file`;

CREATE TABLE `t_penawaran_file` (
  `idpenawaranfile` int(11) NOT NULL AUTO_INCREMENT,
  `idpenawaran` int(11) DEFAULT NULL,
  `keterangan` text,
  `fileupload` varchar(255) DEFAULT NULL,
  `date_create` datetime DEFAULT NULL,
  `user_create` varchar(25) DEFAULT NULL,
  PRIMARY KEY (`idpenawaranfile`)
) ENGINE=InnoDB AUTO_INCREMENT=86 DEFAULT CHARSET=latin1;

/*Data for the table `t_penawaran_file` */

insert  into `t_penawaran_file`(`idpenawaranfile`,`idpenawaran`,`keterangan`,`fileupload`,`date_create`,`user_create`) values 
(1,1,'Perumahan Harvest City','http://192.168.1.18/upload/penawaran/penawaran biaya perpanjangan billboard harvest city depan showroom nissan.jpg','2017-12-04 13:13:59',NULL),
(2,2,'Perumahan Harvest City','http://192.168.1.18/upload/penawaran/penawaran biaya perpanjangan billboard Harvest City.jpg','2017-12-06 10:46:41',NULL),
(3,3,'Perumahan HARVEST CITY','http://192.168.1.18/upload/penawaran/neon box harvest city.jpg','2017-12-08 09:29:29',NULL),
(4,4,'Perumahan HARVEST CITY','http://192.168.1.18/upload/penawaran/penawaran harvest depan pom bensin.jpg','2017-12-13 09:21:12',NULL),
(5,5,'Bintaro Jaya','http://192.168.1.18/upload/penawaran/4.jpg','2017-12-14 09:33:05',NULL),
(6,6,'Bintaro Jaya','http://192.168.1.18/upload/penawaran/4.jpg','2017-12-14 10:00:21',NULL),
(7,7,'Rancamaya','http://192.168.1.18/upload/penawaran/penawaran.jpg','2017-12-14 11:39:36',NULL),
(8,8,'LIPPO CIKARANG - MEIKARTA','http://192.168.1.18/upload/penawaran/cikunir.jpg','2017-12-18 16:07:49',NULL),
(9,9,'DJARUM','http://192.168.1.18/upload/penawaran/Penawaran Harga Perpanjangan Kontrak baliho jl m yamin argamakmur-1.jpg','2018-01-08 13:57:07',NULL),
(10,10,'DJARUM','http://192.168.1.18/upload/penawaran/Penawaran Harga Perpanjangan Kontrak baliho simp 4 unit 1 argamakmur-1.jpg','2018-01-10 08:59:46',NULL),
(11,11,'RANCAMAYA','http://192.168.1.18/upload/penawaran/penawaran rancamaya.jpg','2018-01-10 09:51:39',NULL),
(12,12,'CAT PROPAN','http://192.168.1.18/upload/penawaran/penawaran.jpg','2018-01-12 10:27:22',NULL),
(13,13,'CAT PROPAN','http://192.168.1.18/upload/penawaran/penawaran.jpg','2018-01-12 10:27:22',NULL),
(14,14,'CAT PROPAN','http://192.168.1.18/upload/penawaran/penawaran.jpg','2018-01-12 10:27:22',NULL),
(15,15,'CAT PROPAN','http://192.168.1.18/upload/penawaran/penawaran.jpg','2018-01-12 10:27:22',NULL),
(16,16,'CAT PROPAN','http://192.168.1.18/upload/penawaran/penawaran.jpg','2018-01-12 10:27:22',NULL),
(17,17,'CAT PROPAN','http://192.168.1.18/upload/penawaran/penawaran.jpg','2018-01-12 10:27:23',NULL),
(18,18,'CAT PROPAN','http://192.168.1.18/upload/penawaran/penawaran.jpg','2018-01-12 10:27:23',NULL),
(19,19,'JAKARTA GARDEN CITY','http://192.168.1.18/upload/penawaran/JAKARTA GARDEN CITY BEKASI.jpg','2018-01-12 10:41:02',NULL),
(20,20,'DJARUM VIDEOTRON','http://192.168.1.18/upload/penawaran/PENAWARAN.jpg','2018-01-12 11:27:50',NULL),
(21,21,'DJARUM VIDEOTRON','http://192.168.1.18/upload/penawaran/PENAWARAN.jpg','2018-01-12 11:51:21',NULL),
(22,22,'DJARUM ( Videotron )','http://192.168.1.18/upload/penawaran/penawaran videotron depan patung kuda.jpg','2018-01-18 09:30:42',NULL),
(23,23,'DJARUM','http://192.168.1.18/upload/penawaran/Penawaran Perpanjangan Baliho 6m x 4m M.jpg','2018-01-18 09:41:09',NULL),
(24,23,'DJARUM','http://192.168.1.18/upload/penawaran/Penawaran Perpanjangan Baliho 6m x 4m M.jpg','2018-01-22 16:02:29',NULL),
(25,24,'ClasMild','http://192.168.1.18/upload/penawaran/166093b1-b10f-4674-a652-1359e1f7c225.jpeg','2018-02-02 12:13:59',NULL),
(26,25,'clasmild','http://192.168.1.18/upload/penawaran/dESIGN 5.jpg','2018-02-02 12:15:44',NULL),
(27,26,'DJARUM','http://192.168.1.18/upload/penawaran/Ps Tugu Balam.jpg','2018-02-06 14:31:43',NULL),
(28,27,'DJARUM','http://192.168.1.18/upload/penawaran/ps punggur - Lampung  6 m x 4 m.jpg','2018-02-07 13:54:03',NULL),
(29,28,'DJARUM','http://192.168.1.18/upload/penawaran/margototo.jpg','2018-02-07 14:02:34',NULL),
(30,29,'DJARUM','http://192.168.1.18/upload/penawaran/TEMPURAN.jpg','2018-02-07 14:11:44',NULL),
(31,30,'DJARUM','http://192.168.1.18/upload/penawaran/kedondong.jpg','2018-02-08 10:13:53',NULL),
(32,31,'DJARUM','http://192.168.1.18/upload/penawaran/PS UMBUL KLUWEH.jpg','2018-02-08 10:46:22',NULL),
(33,32,'DJARUM','http://192.168.1.18/upload/penawaran/Ps Tugu Balam.jpg','2018-02-08 12:13:37',NULL),
(34,33,'DJARUM','http://192.168.1.18/upload/penawaran/kedondong.jpg','2018-02-14 14:42:35',NULL),
(35,34,'DJARUM','http://192.168.1.18/upload/penawaran/ambarawa.jpg','2018-02-20 10:42:46',NULL),
(36,35,'DJARUM','http://192.168.1.18/upload/penawaran/ambarawa.jpg','2018-02-20 10:56:27',NULL),
(37,36,'DJARUM','http://192.168.1.18/upload/penawaran/spks spbu tlg pdg (1).jpg','2018-02-20 11:03:53',NULL),
(38,37,'DJARUM','http://192.168.1.18/upload/penawaran/spks spbu tlg pdg (1).jpg','2018-02-21 11:38:11',NULL),
(39,38,'DJARUM','http://192.168.1.18/upload/penawaran/penawaran Harga Perpanjangan Baliho FL 5 lokasi.jpg','2018-02-21 12:14:11',NULL),
(40,38,'DJARUM','http://192.168.1.18/upload/penawaran/( 33) Penawaran perpanjangan PS SUKOHARJO.jpg','2018-03-27 16:18:00',NULL),
(41,39,'DJARUM','http://192.168.1.18/upload/penawaran/djarum cilegon merak.jpg','2018-04-02 10:58:49',NULL),
(42,40,'djarum','http://192.168.1.18/upload/penawaran/Penawaran midis 3x6 Dso.jpg','2018-05-15 11:23:39',NULL),
(43,41,'DJARUM','http://192.168.1.18/upload/penawaran/Penawaran Harga Perpanjangan Kontrak baliho jl danau raya bengkulu.pdf','2018-05-31 12:09:13',NULL),
(44,42,'Djarum','http://192.168.1.18/upload/penawaran/Penawaran Harga Perpanjangan Kontrak baliho jl danau raya bengkulu.pdf','2018-05-31 12:15:13',NULL),
(45,43,'Djarum','http://192.168.1.18/upload/penawaran/Penawaran Harga Perpanjangan Kontrak baliho jl danau raya bengkulu.pdf','2018-05-31 12:17:22',NULL),
(46,44,'DJARUM','http://192.168.1.18/upload/penawaran/Penawaran baliho 4x6 Dso.Lahat 2017-2018.pdf','2018-05-31 12:41:03',NULL),
(47,45,'Djarum','http://192.168.1.18/upload/penawaran/Penawaran baliho 4x6 Dso.Lahat 2017-2018.pdf','2018-05-31 12:48:19',NULL),
(48,46,'djarum','http://192.168.1.18/upload/penawaran/Penawaran Midis 2m x 4m Dso.Lahat 2017-2018.pdf','2018-05-31 12:54:10',NULL),
(49,47,'djarum','http://192.168.1.18/upload/penawaran/Penawaran Midis 2m x 4m Dso.Lahat 2017-2018.pdf','2018-05-31 12:56:47',NULL),
(50,48,'djarum','http://192.168.1.18/upload/penawaran/Penawaran Midis 2m x 4m Dso.Lahat 2017-2018.pdf','2018-05-31 12:59:46',NULL),
(51,49,'djarum','http://192.168.1.18/upload/penawaran/Penawaran Midis 2m x 4m Dso.Lahat 2017-2018.pdf','2018-05-31 13:02:02',NULL),
(52,50,'djarum','http://192.168.1.18/upload/penawaran/Penawaran Midis 2m x 4m Dso.Lahat 2017-2018.pdf','2018-05-31 13:04:00',NULL),
(53,51,'djarum','http://192.168.1.18/upload/penawaran/Penawaran Midis 2m x 4m Dso.Lahat 2017-2018.pdf','2018-05-31 13:05:56',NULL),
(54,52,'djarum','http://192.168.1.18/upload/penawaran/Penawaran Midis 2m x 4m Dso.Lahat 2017-2018.pdf','2018-05-31 13:09:07',NULL),
(55,53,'djarum','http://192.168.1.18/upload/penawaran/Penawaran midis 3x6 Dso.Lahat 2017-2018.pdf','2018-05-31 13:15:14',NULL),
(56,54,'djarum','http://192.168.1.18/upload/penawaran/Penawaran midis 3x6 Dso.Lahat 2017-2018.pdf','2018-05-31 13:15:14',NULL),
(57,55,'djarum','http://192.168.1.18/upload/penawaran/Penawaran midis 3x6 Dso.Lahat 2017-2018.pdf','2018-05-31 13:15:14',NULL),
(58,56,'djarum','http://192.168.1.18/upload/penawaran/Penawaran midis 3x6 Dso.Lahat 2017-2018.pdf','2018-05-31 13:36:57',NULL),
(59,57,'djarum','http://192.168.1.18/upload/penawaran/Penawaran midis 3x6 Dso.Baturaja 2017-2018.pdf','2018-06-04 10:48:55',NULL),
(60,58,'djarum','http://192.168.1.18/upload/penawaran/Penawaran midis 3x6 Dso.Baturaja 2017-2018.pdf','2018-06-04 10:57:18',NULL),
(61,59,'djarum','http://192.168.1.18/upload/penawaran/Penawaran midis 3x6 Dso.Baturaja 2017-2018.pdf','2018-06-04 10:59:50',NULL),
(62,60,'djarum','http://192.168.1.18/upload/penawaran/Penawaran midis 3x6 Dso.Baturaja 2017-2018.pdf','2018-06-04 11:02:37',NULL),
(63,61,'djarum','http://192.168.1.18/upload/penawaran/Perpanjangan midis 3m x 6m 6 lokasi JULI 2017.pdf','2018-06-04 11:15:11',NULL),
(64,62,'AVIAN (VIP)','http://192.168.1.18/upload/penawaran/80 Penawaran perpanjangan VIP, Baturaja.pdf','2018-06-04 11:25:21',NULL),
(65,63,'djarum','http://192.168.1.18/upload/penawaran/Perpanjangan midis 3m x 6m 6 lokasi JULI 2017.pdf','2018-06-04 11:26:42',NULL),
(66,64,'DJARUM','http://192.168.1.18/upload/penawaran/Perpanjangan midis 3m x 6m 6 lokasi JULI 2017.pdf','2018-06-04 11:48:26',NULL),
(67,65,'djarum','http://192.168.1.18/upload/penawaran/Perpanjangan midis 3m x 6m 6 lokasi JULI 2017.pdf','2018-06-04 11:51:45',NULL),
(68,66,'djarum','http://192.168.1.18/upload/penawaran/Perpanjangan midis 3m x 6m 6 lokasi JULI 2017.pdf','2018-06-04 11:55:23',NULL),
(69,67,'djarum','http://192.168.1.18/upload/penawaran/Perpanjangan midis 3m x 6m 6 lokasi JULI 2017.pdf','2018-06-04 11:57:46',NULL),
(70,68,'Advan','http://192.168.1.18/upload/penawaran/advan natar.pdf','2018-06-04 12:47:05',NULL),
(71,69,'Djarum','http://192.168.1.18/upload/penawaran/Penawaran Harga Perpanjangan 2  baliho Jl.Serma Tamini & KM 74 Kalianda (1).pdf','2018-06-04 12:56:09',NULL),
(72,70,'djarum','http://192.168.1.18/upload/penawaran/Penawaran Harga Perpanjangan 2  baliho Jl.Serma Tamini & KM 74 Kalianda (1).pdf','2018-06-04 13:08:42',NULL),
(73,71,'ADVAN','http://192.168.1.18/upload/penawaran/advan natar.pdf','2018-06-06 10:22:42',NULL),
(74,72,'Djarum','http://192.168.1.18/upload/penawaran/Penawaran Harga Perpanjangan Kontrak midis simp 3 tkr sebanis manna.pdf','2018-06-07 13:57:09',NULL),
(75,73,'djarum','http://192.168.1.18/upload/penawaran/Penawaran Harga Perpanjangan Kontrak baliho jl m yamin argamakmur.pdf','2018-06-08 09:20:47',NULL),
(76,74,'Jakarta Garden City','http://192.168.1.18/upload/penawaran/SOP Billboard Tol Jakarta - Cikampek Km. 17+700A, Bekasi.pdf','2018-06-26 16:12:43',NULL),
(77,74,'djarum','http://192.168.1.18/upload/penawaran/Copy of penawaran harga perpanjangan midis dan baliho NL Bandung Baru, Sukoharjo, Kedondong...-1.pdf','2018-06-29 16:13:56',NULL),
(78,75,'djarum','http://192.168.1.18/upload/penawaran/Copy of penawaran harga perpanjangan midis dan baliho NL Bandung Baru, Sukoharjo, Kedondong...-1.pdf','2018-06-29 16:18:57',NULL),
(79,76,'djarum','http://192.168.1.18/upload/penawaran/Copy of penawaran harga perpanjangan midis dan baliho NL Bandung Baru, Sukoharjo, Kedondong...-1.pdf','2018-06-29 16:38:06',NULL),
(80,77,'Djarum','http://192.168.1.18/upload/penawaran/Copy of penawaran harga perpanjangan midis dan baliho NL Bandung Baru, Sukoharjo, Kedondong...-1.pdf','2018-07-02 11:03:02',NULL),
(81,78,'Djarum','http://192.168.1.18/upload/penawaran/Copy of penawaran harga perpanjangan midis dan baliho NL Bandung Baru, Sukoharjo, Kedondong...-1.pdf','2018-07-02 11:06:57',NULL),
(82,79,'Jazy Mild','http://192.168.1.18/upload/penawaran/77 Penawaran Perpanjangan Jazy Mild Dr. Sutomo-baturaja.pdf','2018-07-04 16:04:39',NULL),
(83,80,'Jazy Mild - Nikki Super','http://192.168.1.18/upload/penawaran/79 Penawaran perpanjangan Mild - Pasar Gotong Royong.pdf','2018-07-04 16:06:14',NULL),
(84,81,'Jazy mild - Nikki Super','http://192.168.1.18/upload/penawaran/76 Penawaran perpanjangan Jazy Mild - Jl. Putri Candi.pdf','2018-07-04 16:07:14',NULL),
(85,82,'Jazy Mild - Nikki Super','http://192.168.1.18/upload/penawaran/75 Penawaran perpanjangan Jazy Mild A. Yani Simpang 3 (2 Muka) - Baturaja.pdf','2018-07-04 16:08:07',NULL);

/*Table structure for table `t_penawaran_hdr` */

DROP TABLE IF EXISTS `t_penawaran_hdr`;

CREATE TABLE `t_penawaran_hdr` (
  `idpenawaran` int(11) NOT NULL AUTO_INCREMENT,
  `produk` varchar(50) DEFAULT NULL,
  `ukuran` varchar(50) DEFAULT NULL,
  `kdlokasi` varchar(10) DEFAULT NULL,
  `periode` int(11) DEFAULT NULL,
  `satuan_period` varchar(5) DEFAULT NULL,
  `date_create` datetime DEFAULT NULL,
  `date_update` datetime DEFAULT NULL,
  `kdstatus` char(2) DEFAULT NULL,
  `user_create` varchar(15) DEFAULT NULL,
  `user_update` varchar(15) DEFAULT NULL,
  `pph` varchar(20) DEFAULT NULL,
  `total_harga` varchar(30) DEFAULT NULL,
  `id_cabang` varchar(10) DEFAULT NULL,
  PRIMARY KEY (`idpenawaran`)
) ENGINE=InnoDB AUTO_INCREMENT=83 DEFAULT CHARSET=latin1;

/*Data for the table `t_penawaran_hdr` */

insert  into `t_penawaran_hdr`(`idpenawaran`,`produk`,`ukuran`,`kdlokasi`,`periode`,`satuan_period`,`date_create`,`date_update`,`kdstatus`,`user_create`,`user_update`,`pph`,`total_harga`,`id_cabang`) values 
(1,'Perumahan Harvest City','4 m x 8 m x 1 sisi','010',1,'Tahun','2017-12-04 13:13:59',NULL,'01','dini',NULL,'0','',''),
(2,'Perumahan Harvest City','5 m x 10 m x 2 sisi','010-2',1,'Tahun','2017-12-06 10:46:40',NULL,'01','dini',NULL,'0','','CBG139'),
(3,'Perumahan HARVEST CITY','2 m x 3 m x 1 sisi ( 3 unit )','006-1',1,'Tahun','2017-12-08 09:29:29',NULL,'01','dini',NULL,'0','','CBG139'),
(4,'Perumahan HARVEST CITY','5 m x 10 m x 1 sisi','010-3',1,'Tahun','2017-12-13 09:21:12',NULL,'01','dini',NULL,'0','','CBG139'),
(5,'Bintaro Jaya','3 m x 15 m x 1 sisi','006-2',1,'Tahun','2017-12-14 09:33:05',NULL,'01','dini',NULL,'0','','CBG139'),
(6,'Bintaro Jaya','3 m x 16 m x 1 sisi','006-3',1,'Tahun','2017-12-14 10:00:21',NULL,'01','dini',NULL,'0','','CBG139'),
(7,'Rancamaya','6 m x 12 m x 1 sisi','010-6',1,'Tahun','2017-12-14 11:39:36',NULL,'01','dini',NULL,'0','','CBG139'),
(8,'LIPPO CIKARANG - MEIKARTA','8 m x 16 m x 1 sisi','010-8',1,'Tahun','2017-12-18 16:07:49',NULL,'01','dini',NULL,'0','','CBG139'),
(9,'DJARUM','4 m x 6 m NL','005-1',1,'Tahun','2018-01-08 13:57:07',NULL,'01','dini',NULL,'0','','CBG17'),
(10,'DJARUM','4 m x 6 m NL','005-3',1,'Tahun','2018-01-10 08:59:46',NULL,'01','dini',NULL,'0','','CBG17'),
(11,'RANCAMAYA','8 m x 16 m x 1 mk','006-4',1,'Tahun','2018-01-10 09:51:39',NULL,'01','dini',NULL,'0','','CBG139'),
(18,'CAT PROPAN','2 m x 25 m x 1 sisi','010-1',14,'Bulan','2018-01-12 10:27:23',NULL,'01','dini',NULL,'0','','CBG139'),
(19,'JAKARTA GARDEN CITY','3 m x 16 m 1 ( satu ) muka','010-9',1,'Tahun','2018-01-12 10:41:02',NULL,'01','dini',NULL,'0','','CBG139'),
(21,'DJARUM VIDEOTRON','3 m x 6 m x 1 sisi','034-7',3,'Tahun','2018-01-12 11:51:21',NULL,'01','dini',NULL,'0','','CBG27'),
(22,'DJARUM ( Videotron )','3 m x 6 m x  1 mk','034-8',3,'Tahun','2018-01-18 09:30:42',NULL,'01','dini',NULL,'0','','CBG27'),
(23,'DJARUM','6 m x 4 m','034-9',1,'Tahun','2018-01-22 16:02:29',NULL,'01','DINI',NULL,'0','','CBG27'),
(24,'ClasMild','4x6','005-6',1,'Tahun','2018-02-02 12:13:59',NULL,'00','ervyjulia',NULL,'0','','CBG17'),
(25,'clasmild','4x6','005-5',1,'Tahun','2018-02-02 12:15:44',NULL,'00','ervyjulia',NULL,'0','','CBG17'),
(26,'DJARUM','6 m x 3 m ','0185',1,'Tahun','2018-02-06 14:31:43',NULL,'01','dini',NULL,'0','','CBG45'),
(27,'DJARUM','6 m x 4 m x 1 mk','0218',1,'Tahun','2018-02-07 13:54:03',NULL,'01','dini',NULL,'0','','CBG45'),
(28,'DJARUM','6 m x 3 m x 1 mk','0228',1,'Tahun','2018-02-07 14:02:34',NULL,'01','dini',NULL,'0','','CBG45'),
(29,'DJARUM','3 m x 6 m x 1 sisi FL','0221',1,'Tahun','2018-02-07 14:11:44',NULL,'01','dini',NULL,'0','','CBG45'),
(30,'DJARUM','6 m x 4 m ','030',1,'Tahun','2018-02-08 10:13:53',NULL,'01','dini',NULL,'0','','CBG45'),
(31,'DJARUM','6 m x 4 m','031',1,'Tahun','2018-02-08 10:46:22',NULL,'01','dini',NULL,'0','','CBG45'),
(32,'DJARUM','6 m x 3 m','0186',1,'Tahun','2018-02-08 12:13:37',NULL,'01','dini',NULL,'0','','CBG45'),
(33,'DJARUM','3 m x 6 m','0238',1,'Tahun','2018-02-14 14:42:35',NULL,'01','dini',NULL,'0','','CBG45'),
(34,'DJARUM','6 m x 4 m x 1 mk NL','0236',1,'Tahun','2018-02-20 10:42:46',NULL,'01','dini',NULL,'0','','CBG45'),
(35,'DJARUM','6 m x 4 m x 1 mk','0241',1,'Tahun','2018-02-20 10:56:27',NULL,'01','dini',NULL,'0','','CBG45'),
(37,'DJARUM','4 m x 6 m ','0240',1,'Tahun','2018-02-21 11:38:11',NULL,'01','dini',NULL,'0','','CBG45'),
(38,'DJARUM','6 m x 4 m x 1 mk','0235',1,'Tahun','2018-03-27 16:18:00',NULL,'01','dini',NULL,'0','','CBG45'),
(39,'DJARUM','5 m x 10 m x 1 mk','0266',3,'Tahun','2018-04-02 10:58:49',NULL,'01','DINI',NULL,'0','','CBG139'),
(40,'djarum','3 M X 6 M','0097',1,'Tahun','2018-05-15 11:23:39',NULL,'01','dini',NULL,'0','','CBG27'),
(42,'Djarum','4 m x 6 m','005-1',1,'Tahun','2018-05-31 12:15:13',NULL,'01','DINI',NULL,'0','','CBG17'),
(43,'Djarum','4 m x 6 m','005-3',1,'Tahun','2018-05-31 12:17:22',NULL,'01','DINI',NULL,'0','','CBG17'),
(44,'DJARUM','4 m x 6 m','0098',1,'Tahun','2018-05-31 12:41:03',NULL,'01','DINI',NULL,'0','','CBG27'),
(45,'Djarum','4 m x 6 m','0099',1,'Tahun','2018-05-31 12:48:19',NULL,'01','DINI',NULL,'0','','CBG27'),
(46,'djarum','2 m x 4 m','0109',1,'Tahun','2018-05-31 12:54:10',NULL,'01','DINI',NULL,'0','','CBG27'),
(47,'djarum','2 m x 4 m','0107',1,'Tahun','2018-05-31 12:56:47',NULL,'01','DINI',NULL,'0','','CBG27'),
(48,'djarum','2 m x 4 m','0115',1,'Tahun','2018-05-31 12:59:46',NULL,'01','DINI',NULL,'0','','CBG27'),
(49,'djarum','2 m x 4 m','0094',1,'Tahun','2018-05-31 13:02:02',NULL,'01','DINI',NULL,'0','','CBG27'),
(50,'djarum','2 m x 4 m','0096',1,'Tahun','2018-05-31 13:04:00',NULL,'01','DINI',NULL,'0','','CBG27'),
(51,'djarum','2 m x 4 m','0095',1,'Tahun','2018-05-31 13:05:56',NULL,'01','DINI',NULL,'0','','CBG27'),
(52,'djarum','2m x 4 m','0108',1,'Tahun','2018-05-31 13:09:07',NULL,'01','DINI',NULL,'0','','CBG27'),
(53,'djarum','3 m x 6 m','0097',1,'Tahun','2018-05-31 13:15:14',NULL,'01','DINI',NULL,'0','','CBG27'),
(54,'djarum','3 m x 6 m','0097',1,'Tahun','2018-05-31 13:15:14',NULL,'01','DINI',NULL,'0','','CBG27'),
(55,'djarum','3 m x 6 m','0097',1,'Tahun','2018-05-31 13:15:14',NULL,'01','DINI',NULL,'0','','CBG27'),
(56,'djarum','3 m x 6 m','0116',1,'Tahun','2018-05-31 13:36:57',NULL,'01','DINI',NULL,'0','','CBG27'),
(57,'djarum','3 M X 6 M','0054',1,'Tahun','2018-06-04 10:48:55',NULL,'01','dini',NULL,'0','','CBG27'),
(58,'djarum','3 m x 6 m','0055',1,'Tahun','2018-06-04 10:57:18',NULL,'01','dini',NULL,'0','','CBG27'),
(59,'djarum','3 m x 6 m','0056',1,'Tahun','2018-06-04 10:59:50',NULL,'01','dini',NULL,'0','','CBG27'),
(60,'djarum','3 m x 6 m','0057',1,'Tahun','2018-06-04 11:02:37',NULL,'01','dini',NULL,'0','','CBG27'),
(61,'djarum','3 m x 6 m','0061',1,'Tahun','2018-06-04 11:15:11',NULL,'01','dini',NULL,'0','','CBG27'),
(62,'AVIAN (VIP)','5 x 10 m','0080',1,'Tahun','2018-06-04 11:25:21',NULL,'00','ervyjulia',NULL,'0','','CBG27'),
(63,'djarum','3 m x 6 m ','0065',1,'Tahun','2018-06-04 11:26:42',NULL,'01','dini',NULL,'0','','CBG27'),
(64,'DJARUM','3 m x 6 m','0071',1,'Tahun','2018-06-04 11:48:26',NULL,'01','dini',NULL,'0','','CBG27'),
(65,'djarum','3 m x 6 m','0070',1,'Tahun','2018-06-04 11:51:45',NULL,'01','dini',NULL,'0','','CBG27'),
(66,'djarum','3 m x 6 m','0066',1,'Tahun','2018-06-04 11:55:23',NULL,'01','dini',NULL,'0','','CBG27'),
(67,'djarum','3 m x 6 m','0064',1,'Tahun','2018-06-04 11:57:46',NULL,'01','dini',NULL,'0','','CBG27'),
(69,'Djarum','6 m x 4 m','0209',1,'Tahun','2018-06-04 12:56:09',NULL,'01','dini',NULL,'0','','CBG45'),
(70,'djarum','6 m x 4 m','0210',1,'Tahun','2018-06-04 13:08:42',NULL,'01','dini',NULL,'0','','CBG45'),
(71,'ADVAN','5 M X 15 M X 2 MK','CBG45',1,'Tahun','2018-06-06 10:22:42',NULL,'00','DINI',NULL,'0','','CBG139'),
(72,'Djarum','4 m x 6 m','005-3',1,'Tahun','2018-06-07 13:57:09',NULL,'01','dini',NULL,'0','','CBG17'),
(73,'djarum','4 m x 6 m','005-1',1,'Tahun','2018-06-08 09:20:47',NULL,'01','dini',NULL,'0','','CBG17'),
(74,'djarum','3 m x 6 m','0238',1,'Tahun','2018-06-29 16:13:56',NULL,'00','dini',NULL,'0','','CBG45'),
(75,'djarum','6 m x 4 m','0235',1,'Tahun','2018-06-29 16:18:57',NULL,'00','dini',NULL,'0','','CBG45'),
(76,'djarum','6 m x 4 m','030',1,'Tahun','2018-06-29 16:38:06',NULL,'00','dini',NULL,'0','','CBG45'),
(77,'Djarum','6 m x 4 m','0235',1,'Tahun','2018-07-02 11:03:02',NULL,'00','dini',NULL,'0','','CBG45'),
(78,'Djarum','6 m x 4 x','030',1,'Tahun','2018-07-02 11:06:57',NULL,'00','dini',NULL,'0','','CBG45'),
(79,'Jazy Mild','4 x 6 m x 1 sisi','0084',1,'Tahun','2018-07-04 16:04:39',NULL,'01','ervyjulia',NULL,'0','','CBG27'),
(80,'Jazy Mild - Nikki Super','4 x 6 x 1 sisi','0083',1,'Tahun','2018-07-04 16:06:14',NULL,'01','ervyjulia',NULL,'0','','CBG27'),
(81,'Jazy mild - Nikki Super','4 x 6 x 1 sisi','0086',1,'Tahun','2018-07-04 16:07:14',NULL,'01','ervyjulia',NULL,'0','','CBG27'),
(82,'Jazy Mild - Nikki Super','4 x 6 x 1 sisi','0087',1,'Tahun','2018-07-04 16:08:07',NULL,'01','ervyjulia',NULL,'0','','CBG27');

/*Table structure for table `t_po` */

DROP TABLE IF EXISTS `t_po`;

CREATE TABLE `t_po` (
  `idpo` int(11) NOT NULL AUTO_INCREMENT,
  `idpenawaran` int(11) DEFAULT NULL,
  `idclient` int(11) DEFAULT NULL,
  `nama_ttd` varchar(35) DEFAULT NULL,
  `jabatan_ttd` varchar(35) DEFAULT NULL,
  `keterangan` varchar(50) DEFAULT NULL,
  `biaya_akhir` varchar(20) DEFAULT NULL,
  `date_create` datetime DEFAULT NULL,
  `date_update` datetime DEFAULT NULL,
  `user_create` varchar(25) DEFAULT NULL,
  `user_update` varchar(25) DEFAULT NULL,
  `pph` varchar(30) DEFAULT NULL,
  `total_harga` varchar(30) DEFAULT NULL,
  `kdstatus` char(1) DEFAULT '0',
  PRIMARY KEY (`idpo`)
) ENGINE=InnoDB AUTO_INCREMENT=73 DEFAULT CHARSET=latin1;

/*Data for the table `t_po` */

insert  into `t_po`(`idpo`,`idpenawaran`,`idclient`,`nama_ttd`,`jabatan_ttd`,`keterangan`,`biaya_akhir`,`date_create`,`date_update`,`user_create`,`user_update`,`pph`,`total_harga`,`kdstatus`) values 
(1,1,1,'LEONARD.S ','Marketing Manager','Discount','120000000','2017-12-04 15:25:04',NULL,'uci',NULL,'0','133320000','0'),
(2,2,1,'Leonard Suprijatna','Marketing Manager','Discount','190000000','2017-12-06 10:54:00',NULL,'dini',NULL,'0','215187500','0'),
(3,3,1,'Leonard Suprijatna','Marketing Manager','Total 3 Unit Rp. 390.0000.000','390000000','2017-12-08 09:34:59',NULL,'dini',NULL,'0','148500000','0'),
(10,4,1,'Leonard Suprijatna','Marketing Manager','Discount','135000000','2017-12-13 09:23:34',NULL,'dini',NULL,'0','148843750','0'),
(11,5,2,'Ir. Y. Hengky Wijaya','Direktur Utama','Discount','812500000','2017-12-14 09:37:36',NULL,'dini',NULL,'0','893750000','0'),
(12,6,2,'Ir. Y. Hengky Wijaya','Wakil Direktur utama','Discount','805000000','2017-12-14 10:01:48',NULL,'dini',NULL,'0','885500000','0'),
(13,7,6,'Henny Kusuma Hendrawan','Direktur','Discount','Rp. 498475000','2017-12-14 11:44:34',NULL,'dini',NULL,'0','560147500','0'),
(14,8,14,'Effendy','Direktur','Tagihan nya atas nama PT PIXEL MEDIA INOVASI','725000000','2017-12-18 16:10:27',NULL,'dini',NULL,'0','886600000','0'),
(15,9,11,'Fabianus Arry Kurniawan','Marketing','Biaya 2 Tahun','48200000','2018-01-08 14:04:17',NULL,'dini',NULL,'0','27610000','0'),
(16,10,11,'Fabianus Arry','Marketing','Biaya All in 2 Thn','48200000','2018-01-10 09:01:47',NULL,'dini',NULL,'0','27610000','0'),
(17,11,6,'Acen','Marketing','Relokasi menjadi di km 12 + 300 ','1.314.500.000','2018-01-10 09:59:15',NULL,'dini',NULL,'0','13149400000','0'),
(18,18,18,'Isma ','Marketing','6 kali digital Printing & 6 kali repostering','800000000','2018-01-12 10:29:24',NULL,'dini',NULL,'0','880000000','0'),
(19,19,8,'Akbar','Marketing','( Pajak reklame sesuai SKPD Rp.51.944.100,- ) harg','841574100','2018-01-12 10:49:22',NULL,'dini',NULL,'0','649000000','0'),
(20,21,24,'Christopher Aditya Putra','Marketing','harga sama dengan spks','6250000000','2018-01-12 15:52:16',NULL,'uci',NULL,'0','687500000','0'),
(21,22,11,'Axel. Alam Surya Wijaya','Marketing','Harga di SPKS ( 3 tahun )','750.000.000','2018-01-18 09:33:25',NULL,'dini',NULL,'0','874500000','0'),
(22,23,11,'Stefanus Andreas Sunaryo','Marketing','Biaya SPKS , Periode 25 Juli 2017 - 25 Juli 2018','Rp. 25.000.000','2018-01-22 16:07:25',NULL,'DINI',NULL,'0','28589000','0'),
(23,26,11,'Dodik Priyambodo','AM','Harga Nett Rp. 37.000.000','37000000','2018-02-06 14:34:22',NULL,'dini',NULL,'0','40570750','0'),
(24,27,11,'Dodik Priyombodo','AM','Nilai SPKS sebesar Rp. 21.000.000','21.000.000','2018-02-07 13:56:13',NULL,'dini',NULL,'0','23952500','0'),
(25,28,11,'Dodik Priyobodo','AM','Total Nilai di SPKS','24.000.000','2018-02-07 14:04:25',NULL,'dini',NULL,'0','20284000','0'),
(26,28,11,'Dodik Priyobodo','AM','Total Nilai di SPKS','24.000.000','2018-02-07 14:04:25',NULL,'dini',NULL,'0','20284000','0'),
(27,28,11,'Dodik Priyombodo','A,M','Total Nilai SPKS','24.000.000','2018-02-07 14:05:27',NULL,'dini',NULL,'0','20284000','0'),
(28,30,11,'Dodik Priyombodo','AM','Total Nilai di SPKS ','19000000','2018-02-08 10:16:48',NULL,'dini',NULL,'0','22874843','0'),
(29,31,11,'Dodik Priyombodo','AM','Nilai di SPKS','18.000.000','2018-02-08 10:49:39',NULL,'dini',NULL,'0','21774843','0'),
(30,32,11,'Dodik Priyombodo','AM','Nilai SPKS','37.000.000','2018-02-08 12:18:22',NULL,'dini',NULL,'0','41593618','0'),
(31,33,11,'Dodik Priyombodo','AM','Nilai sesuai SPKS','18000000','2018-02-14 14:45:01',NULL,'dini',NULL,'0','20588700','0'),
(32,29,11,'Dodik Priyombodo','AM','Nilai Sesuai SPKS','24000000','2018-02-14 15:36:43',NULL,'dini',NULL,'0','28462500','0'),
(33,34,11,'Dodik Priyombodo','AM ','Sesuai SPK no. 030/02/45/07/17/OOH Periode 17 Sept','19000000','2018-02-20 10:46:23',NULL,'dini',NULL,'0','22446875','0'),
(34,35,11,'Dodik Priyombodo','AM','Sesuai SPK no. 031/02/45/07/17/OOH Periode 17 Sept','19000000','2018-02-20 10:58:30',NULL,'dini',NULL,'0','21857000','0'),
(36,37,11,'Dodik Priyombodo','AM Marketing','Sesuai SPK no. 032/02/45/07/17//OOH','19000000','2018-02-21 11:41:51',NULL,'dini',NULL,'0','21857000','0'),
(37,38,11,'Dodik Priyombodo','AM','Harga Sesuai SPKS ( Periode tgl 13 Juni 2017 s/d 1','20000000','2018-03-27 16:21:22',NULL,'dini',NULL,'0','22831600','0'),
(38,40,11,'sahrijan','AM','Nilai di SPK Rp. 12.000.000','12000000','2018-05-15 11:30:04',NULL,'dini',NULL,'0','14715250','0'),
(39,56,11,'Sahrijan','AM','Sesuai SPKS','12.000.000','2018-05-31 13:44:46',NULL,'DINI',NULL,'0','14867050','0'),
(40,55,11,'Sahrijan','AM','Sesuai SPKS','12.000.000','2018-05-31 13:46:43',NULL,'DINI',NULL,'0','14715250','0'),
(41,48,11,'sahrijan','AM','Sesuai SPKS No. 035/ 02/33/12/17/OOH','11.000.000','2018-06-05 12:03:50',NULL,'dini',NULL,'0','12650000','0'),
(42,49,11,'Sahrijan','AM','Sesuai SPKS no. No. 036/ 02/33/12/17/OOH','11.000.000','2018-06-05 12:05:26',NULL,'dini',NULL,'0','13352625','0'),
(43,50,11,'Sahrijan','AM','Sesuai SPKS no. No. 037/ 02/33/12/17/OOH','11.000.000','2018-06-05 12:07:06',NULL,'dini',NULL,'0','13352625','0'),
(44,51,7,'Sahrijan','AM','Sesuai SPKS No. 038/ 02/33/12/17/OOH','11.000.000','2018-06-05 12:08:17',NULL,'dini',NULL,'0','13352625','0'),
(45,52,11,'Sahrijan','AM','Sesuai SPKS No. 039/ 02/33/12/17/OOH','11.000.000','2018-06-05 12:09:36',NULL,'dini',NULL,'0','13329800','0'),
(46,53,11,'sahrijan','AM','Sesuai SPKS','12.000.000','2018-06-05 13:12:13',NULL,'dini',NULL,'0','14715250','0'),
(47,54,11,'SAHRIJAN','AM','Sesuai SPKS No. 041/ 02/33/12/17/OOH','12.000.000','2018-06-05 13:13:35',NULL,'dini',NULL,'0','14715250','0'),
(48,44,11,'sahrijan','am','sesuai spks No. 030/ 02/33/12/17/OOH','20.000.000','2018-06-05 13:16:57',NULL,'dini',NULL,'0','23732500','0'),
(49,63,11,'Dodik Priyombodo','AM','Sesuai SPKS','28.500.000','2018-06-05 13:25:11',NULL,'dini',NULL,'0','32065000','0'),
(50,60,11,'Dodik Priyombodo','AM','Sesuai SPKS','23.600.000','2018-06-05 13:27:15',NULL,'dini',NULL,'0','27570125','0'),
(51,59,11,'Dodik Priyombodo','AM','Sesuai SPKS','23.600.000','2018-06-05 13:28:39',NULL,'dini',NULL,'0','27570125','0'),
(52,61,11,'Dodik Priyombodo','AM','Sesuai SPKS','25.200.000','2018-06-05 13:34:29',NULL,'dini',NULL,'0','29031750','0'),
(53,57,11,'Dodik Priyombodo','AM','Sesuai SPKS','23.600.000','2018-06-05 13:35:33',NULL,'dini',NULL,'0','27570125','0'),
(54,65,11,'Dodik Priyombodo','AM','Sesuai SPKS','26.500.000','2018-06-05 13:44:09',NULL,'dini',NULL,'0','29738500','0'),
(55,46,11,'SAHRIJAN','AM','Sesuai SPKS','11.000.000','2018-06-05 13:51:12',NULL,'dini',NULL,'0','13329800','0'),
(56,47,11,'SAHRIJAN','AM','Sesuai SPKS','11.000.000','2018-06-05 13:52:44',NULL,'dini',NULL,'0','13329800','0'),
(57,67,11,'DODIK PRIYOMBODO','AM','Sesuai SPKS','27.500.000','2018-06-05 13:56:06',NULL,'dini',NULL,'0','30965000','0'),
(58,70,11,'Dodik Priyombodo','AM','Sesuai SPKS','27.000.000','2018-06-05 14:03:08',NULL,'dini',NULL,'0','32682031','0'),
(59,69,11,'Dodik Priyombodo','AM','Sesuai SPKS','27.000.000','2018-06-05 14:03:59',NULL,'dini',NULL,'0','32682031','0'),
(60,66,11,'Dodik Priyombodo','AM','Sesuai SPKS','28.500.000','2018-06-06 08:26:25',NULL,'dini',NULL,'0','32065000','0'),
(61,43,11,'Dodik Priyombodo','AM','Sesuai SPKS','48.200.000','2018-06-06 08:30:33',NULL,'dini',NULL,'0','27610000','0'),
(62,42,11,'DODIK PRIYOMBODO','AM','Harga 2 thn','48.200.000','2018-06-06 08:32:16',NULL,'dini',NULL,'0','27610000','0'),
(63,45,11,'Sahrijan','AM','Sesuai SPKS ','20.000.000','2018-06-06 08:58:12',NULL,'dini',NULL,'0','23732500','0'),
(64,58,11,'Dodik Priyombodo','AM','Sesuai SPKS','23.600.000','2018-06-06 10:00:13',NULL,'dini',NULL,'0','27570125','0'),
(65,64,11,'Dodik Priyombodo','AM','Sesuai SPKS','27.000.000','2018-06-06 10:01:40',NULL,'dini',NULL,'0','30641875','0'),
(66,39,11,'Arpian','AM','Sesuai SPKS','425.000.000','2018-06-06 10:06:36',NULL,'dini',NULL,'0','522500000','0'),
(67,72,11,'Sahrijan','AM','Sesuai SPKS','48.200.000','2018-06-07 13:58:39',NULL,'dini',NULL,'0','27610000','0'),
(68,73,11,'Sahrijan','AM','Sesuai SPKS','48.200.000','2018-06-08 09:50:47',NULL,'dini',NULL,'0','27610000','0'),
(69,82,20,'Valentinus','Area Manager','3 termin pembayaran','42000000','2018-07-04 17:08:48',NULL,'ervyjulia',NULL,'0','46200000','0'),
(70,81,20,'Valentinus','Area Manager','3 termin pembayaran','41000000','2018-07-04 17:09:45',NULL,'ervyjulia',NULL,'0','45100000','0'),
(71,80,20,'Valentinus','Area Manager','3 termin pembayaran','41000000','2018-07-04 17:10:32',NULL,'ervyjulia',NULL,'0','45100000','0'),
(72,79,20,'Valentinus','Area Manager','3 termin pembayaran','41000000','2018-07-04 17:11:14',NULL,'ervyjulia',NULL,'0','45100000','0');

/*Table structure for table `t_po_detail` */

DROP TABLE IF EXISTS `t_po_detail`;

CREATE TABLE `t_po_detail` (
  `idpodtl` int(11) NOT NULL AUTO_INCREMENT,
  `idpo` int(11) DEFAULT NULL,
  `keterangan` text,
  `harga` varchar(20) DEFAULT NULL,
  `jumlah` int(11) DEFAULT NULL,
  `satuan` varchar(15) DEFAULT NULL,
  `date_create` datetime DEFAULT NULL,
  `date_update` datetime DEFAULT NULL,
  `user_create` varchar(25) DEFAULT NULL,
  `user_update` varchar(25) DEFAULT NULL,
  PRIMARY KEY (`idpodtl`)
) ENGINE=InnoDB AUTO_INCREMENT=354 DEFAULT CHARSET=latin1;

/*Data for the table `t_po_detail` */

insert  into `t_po_detail`(`idpodtl`,`idpo`,`keterangan`,`harga`,`jumlah`,`satuan`,`date_create`,`date_update`,`user_create`,`user_update`) values 
(1,1,'Pajak Reklame sesuai SKPD','16200000',NULL,NULL,'2017-12-04 15:25:04',NULL,'uci',NULL),
(2,1,'Sarana Lokasi Perijinan & Koordinasi Team Dinas Terkait','70000000',NULL,NULL,'2017-12-04 15:25:04',NULL,'uci',NULL),
(3,1,'Rekening Listrik & Jaminan Keamanan Instalasi 1 ( satu ) Tahun','25000000',NULL,NULL,'2017-12-04 15:25:04',NULL,'uci',NULL),
(4,1,'Jaminan Keamanan, Perawatan & Asuransi','10000000',NULL,NULL,'2017-12-04 15:25:04',NULL,'uci',NULL),
(5,2,'Pajak Reklame Sesuai SKPD ','50625000',NULL,NULL,'2017-12-06 10:54:00',NULL,'dini',NULL),
(6,2,'Sarana Lokasi Perijinan & Koordinasi Team Terkait','90000000',NULL,NULL,'2017-12-06 10:54:00',NULL,'dini',NULL),
(7,2,'Rekening Listrik selama 1 tahun','40000000',NULL,NULL,'2017-12-06 10:54:00',NULL,'dini',NULL),
(8,2,'Jaminan keamanan perawatan, Asuransi','15000000',NULL,NULL,'2017-12-06 10:54:00',NULL,'dini',NULL),
(9,3,'Biaya Pembuatan & Pemasangan ','25000000',NULL,NULL,'2017-12-08 09:34:59',NULL,'dini',NULL),
(10,3,'Sarana Lokasi Jasa Marga & Koordinasi ','50000000',NULL,NULL,'2017-12-08 09:34:59',NULL,'dini',NULL),
(11,3,'Pajak Reklame ( Sesuai Kontrak ) & Perijinan','50000000',NULL,NULL,'2017-12-08 09:34:59',NULL,'dini',NULL),
(12,3,'Jaminan Keamanan, Rek. Listrik & Perawatan','10000000',NULL,NULL,'2017-12-08 09:34:59',NULL,'dini',NULL),
(37,10,'Pajak Reklame','25312500',NULL,NULL,'2017-12-13 09:23:34',NULL,'dini',NULL),
(38,10,'Sarana Lokasi, perijinan & Koordinasi Dipenda','65000000',NULL,NULL,'2017-12-13 09:23:34',NULL,'dini',NULL),
(39,10,'Rekening Listrik 1 ( satu ) Tahun','30000000',NULL,NULL,'2017-12-13 09:23:34',NULL,'dini',NULL),
(40,10,'Jaminan Keamanan, Perawatan & Asuransi ','15000000',NULL,NULL,'2017-12-13 09:23:34',NULL,'dini',NULL),
(41,11,'Pajak reklame & Perijinan Dispenda','225000000',NULL,NULL,'2017-12-14 09:37:36',NULL,'dini',NULL),
(42,11,'Sewa Lokasi & Perijainan PT JLJ 1 ( satu ) Tahun','325000000',NULL,NULL,'2017-12-14 09:37:36',NULL,'dini',NULL),
(43,11,'Koordinasi Team Perijinan Dinas Terkait','150000000',NULL,NULL,'2017-12-14 09:37:36',NULL,'dini',NULL),
(44,11,'Rekening Listrik 1 ( satu ) Tahun & Administrasi','80000000',NULL,NULL,'2017-12-14 09:37:36',NULL,'dini',NULL),
(45,11,'Jaminan Perawatan & Keamanan 1 ( satu ) Tahun','32500000',NULL,NULL,'2017-12-14 09:37:36',NULL,'dini',NULL),
(46,12,'Pajak reklame & Perijinan DISPENDA','200000000',NULL,NULL,'2017-12-14 10:01:48',NULL,'dini',NULL),
(47,12,'Sewa Lokasi & Perijinan PT JLJ 1 ( satu ) Tahun','375000000',NULL,NULL,'2017-12-14 10:01:48',NULL,'dini',NULL),
(48,12,'Koordinasi Team Perijinan Dinas Terkait','150000000',NULL,NULL,'2017-12-14 10:01:48',NULL,'dini',NULL),
(49,12,'Rekening Listrik 1 ( satu ) Tahun & Administrasi','80000000',NULL,NULL,'2017-12-14 10:01:48',NULL,'dini',NULL),
(50,13,'Pajak reklame sesuai SKPD ( estimasi )','38475000',NULL,NULL,'2017-12-14 11:44:34',NULL,'dini',NULL),
(51,13,'Sarana Lokasi Jasa Marga & Proses Pengurusan','350000000',NULL,NULL,'2017-12-14 11:44:34',NULL,'dini',NULL),
(52,13,'Perijinan Dinas terkait & Administrasi','60000000',NULL,NULL,'2017-12-14 11:44:34',NULL,'dini',NULL),
(53,13,'Rekening Listrik dan Jaminan Instalasi','40000000',NULL,NULL,'2017-12-14 11:44:34',NULL,'dini',NULL),
(54,13,'Jaminan Keamanan & Perawatan 1 ( satu ) Tahun','20000000',NULL,NULL,'2017-12-14 11:44:34',NULL,'dini',NULL),
(55,13,'Asuransi','750000',NULL,NULL,'2017-12-14 11:44:34',NULL,'dini',NULL),
(56,14,'Media Placement','200000000',NULL,NULL,'2017-12-18 16:10:27',NULL,'dini',NULL),
(57,14,'Kontribusi lokasi Jasa Marga, & Team koordinasi  ','300000000',NULL,NULL,'2017-12-18 16:10:27',NULL,'dini',NULL),
(58,14,'Pajak reklame,  Perijinan Dan Koordinasi Dinas Terkait','125000000',NULL,NULL,'2017-12-18 16:10:27',NULL,'dini',NULL),
(59,14,'Penerangan LED  @150 VA 16 ( Enam Belas ) unit','56000000',NULL,NULL,'2017-12-18 16:10:27',NULL,'dini',NULL),
(60,14,'Instalasi Listrik PLN dan Rekening selama 1 tahun','100000000',NULL,NULL,'2017-12-18 16:10:27',NULL,'dini',NULL),
(61,14,'Jaminan keamanan, Asuransi & Perawatan','25000000',NULL,NULL,'2017-12-18 16:10:27',NULL,'dini',NULL),
(62,15,'Pajak Reklame','2100000',NULL,NULL,'2018-01-08 14:04:17',NULL,'dini',NULL),
(63,15,'Ijin Lokasi ( Pemda )','6500000',NULL,NULL,'2018-01-08 14:04:17',NULL,'dini',NULL),
(64,15,'Biaya Perijinan','8000000',NULL,NULL,'2018-01-08 14:04:17',NULL,'dini',NULL),
(65,15,'Biaya Sewa Konstruksi','7000000',NULL,NULL,'2018-01-08 14:04:17',NULL,'dini',NULL),
(66,15,'Maintenance','1500000',NULL,NULL,'2018-01-08 14:04:17',NULL,'dini',NULL),
(67,16,'Pajak Reklame','2100000',NULL,NULL,'2018-01-10 09:01:47',NULL,'dini',NULL),
(68,16,'Ijin Lokasi Pemda','6500000',NULL,NULL,'2018-01-10 09:01:47',NULL,'dini',NULL),
(69,16,'Biaya Perijinan','8000000',NULL,NULL,'2018-01-10 09:01:47',NULL,'dini',NULL),
(70,16,'Sewa Konstruksi','7000000',NULL,NULL,'2018-01-10 09:01:47',NULL,'dini',NULL),
(71,16,'Maintenace','1500000',NULL,NULL,'2018-01-10 09:01:47',NULL,'dini',NULL),
(72,17,'Media Placement','3900000000',NULL,NULL,'2018-01-10 09:59:15',NULL,'dini',NULL),
(73,17,'Kontribusi lokasi Jasa Marga, & Team koordinasi','6950000000',NULL,NULL,'2018-01-10 09:59:15',NULL,'dini',NULL),
(74,17,'Pajak reklame,  Perijinan Dan Koordinasi Dinas Terkait','900000000',NULL,NULL,'2018-01-10 09:59:15',NULL,'dini',NULL),
(75,17,'Penerangan LED @ 100 watt 16 ( enam belas ) unit','40000000',NULL,NULL,'2018-01-10 09:59:15',NULL,'dini',NULL),
(76,17,'Instalasi Listrik PLN dan Rekening selama','87000000',NULL,NULL,'2018-01-10 09:59:15',NULL,'dini',NULL),
(77,17,'Jaminan keamanan, Asuransi & Perawatan','77000000',NULL,NULL,'2018-01-10 09:59:15',NULL,'dini',NULL),
(78,18,'Media Placement','200000000',NULL,NULL,'2018-01-12 10:29:24',NULL,'dini',NULL),
(79,18,'Pajak Reklame, Perijinan & Koordinasi ke Dinas terkait','90000000',NULL,NULL,'2018-01-12 10:29:24',NULL,'dini',NULL),
(80,18,'Kontribusi lokasi Jasa Marga & Team kordinasi','350000000',NULL,NULL,'2018-01-12 10:29:24',NULL,'dini',NULL),
(81,18,'Penerangan LED @ 100 Watt  25 ( Dua Puluh Lima ) unit','75000000',NULL,NULL,'2018-01-12 10:29:24',NULL,'dini',NULL),
(82,18,'Instalasi Listrik PLN & Rekening Listrik ','60000000',NULL,NULL,'2018-01-12 10:29:24',NULL,'dini',NULL),
(83,18,'Jaminan Keamanan,  Perawatan, & Asuransi','25000000',NULL,NULL,'2018-01-12 10:29:24',NULL,'dini',NULL),
(84,19,'Media Placement','165000000',NULL,NULL,'2018-01-12 10:49:22',NULL,'dini',NULL),
(85,19,'Perijinan & Koordinasi Jasa Marga','350000000',NULL,NULL,'2018-01-12 10:49:22',NULL,'dini',NULL),
(86,19,'Listrik, Perawatan & Asuransi','75000000',NULL,NULL,'2018-01-12 10:49:22',NULL,'dini',NULL),
(87,20,'Media Placement ','120000000',NULL,NULL,'2018-01-12 15:52:16',NULL,'uci',NULL),
(88,20,'Koordinasi Dinas Terkait & Sarana lokasi','100000000',NULL,NULL,'2018-01-12 15:52:16',NULL,'uci',NULL),
(89,20,'Pajak reklame & Perijinan Dinas Terkait','150000000',NULL,NULL,'2018-01-12 15:52:16',NULL,'uci',NULL),
(90,20,'Pembayaran internet 3 tahun','90000000',NULL,NULL,'2018-01-12 15:52:16',NULL,'uci',NULL),
(91,20,'Rekening listrik 3 tahun','90000000',NULL,NULL,'2018-01-12 15:52:16',NULL,'uci',NULL),
(92,20,'Jaminan keamanan & Asuransi ','75000000',NULL,NULL,'2018-01-12 15:52:16',NULL,'uci',NULL),
(93,21,'Sarana lokasi & Koordinasi','150000000',NULL,NULL,'2018-01-18 09:33:25',NULL,'dini',NULL),
(94,21,'Pajak reklame dan Perijinan Dipenda','125000000',NULL,NULL,'2018-01-18 09:33:25',NULL,'dini',NULL),
(95,21,'Perijinan & Koordinasi Dinas terkait','150000000',NULL,NULL,'2018-01-18 09:33:25',NULL,'dini',NULL),
(96,21,'Penyambungan daya listrik & Instalasi 16.500 VA Dll','75000000',NULL,NULL,'2018-01-18 09:33:25',NULL,'dini',NULL),
(97,21,'Rekening listrik, Asuransi, Perawatan','160000000',NULL,NULL,'2018-01-18 09:33:25',NULL,'dini',NULL),
(98,21,'Jaminan keamanan dan Koordinasi Lingkungan / Pembuatan taman','75000000',NULL,NULL,'2018-01-18 09:33:25',NULL,'dini',NULL),
(99,21,'Pengurusan pemasangan internet & pembayaran rekening selama 3 thn','60000000',NULL,NULL,'2018-01-18 09:33:25',NULL,'dini',NULL),
(100,22,'Pajak','2190000',NULL,NULL,'2018-01-22 16:07:25',NULL,'DINI',NULL),
(101,22,'Perijinan','5500000',NULL,NULL,'2018-01-22 16:07:25',NULL,'DINI',NULL),
(102,22,'Media Placement','10000000',NULL,NULL,'2018-01-22 16:07:25',NULL,'DINI',NULL),
(103,22,'Sarana Lokasi','5500000',NULL,NULL,'2018-01-22 16:07:25',NULL,'DINI',NULL),
(104,22,'Maintenance','2000000',NULL,NULL,'2018-01-22 16:07:25',NULL,'DINI',NULL),
(105,22,'Asuransi','800000',NULL,NULL,'2018-01-22 16:07:25',NULL,'DINI',NULL),
(106,23,'Pajak','14782500',NULL,NULL,'2018-02-06 14:34:22',NULL,'dini',NULL),
(107,23,'Ijin Lokasi','3000000',NULL,NULL,'2018-02-06 14:34:22',NULL,'dini',NULL),
(108,23,'Biaya Perijinan','5000000',NULL,NULL,'2018-02-06 14:34:22',NULL,'dini',NULL),
(109,23,'Sewa Konstruksi','6000000',NULL,NULL,'2018-02-06 14:34:22',NULL,'dini',NULL),
(110,23,'Listrik','5000000',NULL,NULL,'2018-02-06 14:34:22',NULL,'dini',NULL),
(111,23,'Asuransi','600000',NULL,NULL,'2018-02-06 14:34:22',NULL,'dini',NULL),
(112,23,'Maintenance','2500000',NULL,NULL,'2018-02-06 14:34:22',NULL,'dini',NULL),
(113,24,'SKPD','3175000',NULL,NULL,'2018-02-07 13:56:13',NULL,'dini',NULL),
(114,24,'Media Placement','8000000',NULL,NULL,'2018-02-07 13:56:13',NULL,'dini',NULL),
(115,24,'Perijinan & Sarana Lokasi','8500000',NULL,NULL,'2018-02-07 13:56:13',NULL,'dini',NULL),
(116,24,'Perawatan','1500000',NULL,NULL,'2018-02-07 13:56:13',NULL,'dini',NULL),
(117,24,'Asuransi','600000',NULL,NULL,'2018-02-07 13:56:13',NULL,'dini',NULL),
(118,25,'SKPD','2340000',NULL,NULL,'2018-02-07 14:04:25',NULL,'dini',NULL),
(119,25,'Media Placement','8000000',NULL,NULL,'2018-02-07 14:04:25',NULL,'dini',NULL),
(120,25,'Perawatan','2500000',NULL,NULL,'2018-02-07 14:04:25',NULL,'dini',NULL),
(121,25,'Penerangan','5000000',NULL,NULL,'2018-02-07 14:04:25',NULL,'dini',NULL),
(122,25,'Asuransi','600000',NULL,NULL,'2018-02-07 14:04:25',NULL,'dini',NULL),
(123,26,'SKPD','2340000',NULL,NULL,'2018-02-07 14:04:25',NULL,'dini',NULL),
(124,26,'Media Placement','8000000',NULL,NULL,'2018-02-07 14:04:25',NULL,'dini',NULL),
(125,26,'Perawatan','2500000',NULL,NULL,'2018-02-07 14:04:25',NULL,'dini',NULL),
(126,26,'Penerangan','5000000',NULL,NULL,'2018-02-07 14:04:25',NULL,'dini',NULL),
(127,26,'Asuransi','600000',NULL,NULL,'2018-02-07 14:04:25',NULL,'dini',NULL),
(128,27,'SKPD','2340000',NULL,NULL,'2018-02-07 14:05:27',NULL,'dini',NULL),
(129,27,'Media Placement','8000000',NULL,NULL,'2018-02-07 14:05:27',NULL,'dini',NULL),
(130,27,'Perawatan','2500000',NULL,NULL,'2018-02-07 14:05:27',NULL,'dini',NULL),
(131,27,'Penerangan','5000000',NULL,NULL,'2018-02-07 14:05:27',NULL,'dini',NULL),
(132,27,'Asuransi','600000',NULL,NULL,'2018-02-07 14:05:27',NULL,'dini',NULL),
(133,28,'SKPD','2695312',NULL,NULL,'2018-02-08 10:16:48',NULL,'dini',NULL),
(134,28,'Media Placement','8000000',NULL,NULL,'2018-02-08 10:16:48',NULL,'dini',NULL),
(135,28,'Perijinan & Sarana Lokasi','8000000',NULL,NULL,'2018-02-08 10:16:48',NULL,'dini',NULL),
(136,28,'Perawatan','1500000',NULL,NULL,'2018-02-08 10:16:48',NULL,'dini',NULL),
(137,28,'Asuransi','600000',NULL,NULL,'2018-02-08 10:16:48',NULL,'dini',NULL),
(138,29,'SKPD','2695312',NULL,NULL,'2018-02-08 10:49:39',NULL,'dini',NULL),
(139,29,'Media Placement','8000000',NULL,NULL,'2018-02-08 10:49:39',NULL,'dini',NULL),
(140,29,'Perijinan & Sarana Lokasi','7000000',NULL,NULL,'2018-02-08 10:49:39',NULL,'dini',NULL),
(141,29,'Perawatan','1500000',NULL,NULL,'2018-02-08 10:49:39',NULL,'dini',NULL),
(142,29,'Asuransi','600000',NULL,NULL,'2018-02-08 10:49:39',NULL,'dini',NULL),
(143,30,'Pajak','15712380',NULL,NULL,'2018-02-08 12:18:22',NULL,'dini',NULL),
(144,30,'Ijin Lokasi','3000000',NULL,NULL,'2018-02-08 12:18:22',NULL,'dini',NULL),
(145,30,'Biaya Perijinan','5000000',NULL,NULL,'2018-02-08 12:18:22',NULL,'dini',NULL),
(146,30,'Listrik','5000000',NULL,NULL,'2018-02-08 12:18:22',NULL,'dini',NULL),
(147,30,'Maintenace','2500000',NULL,NULL,'2018-02-08 12:18:22',NULL,'dini',NULL),
(148,30,'sewa konstruksi','6000000',NULL,NULL,'2018-02-08 12:18:22',NULL,'dini',NULL),
(149,30,'Asuransi','600000',NULL,NULL,'2018-02-08 12:18:22',NULL,'dini',NULL),
(150,31,'SKPD','1617000',NULL,NULL,'2018-02-14 14:45:01',NULL,'dini',NULL),
(151,31,'Media Placement','8000000',NULL,NULL,'2018-02-14 14:45:01',NULL,'dini',NULL),
(152,31,'Perijinan & Sarana Lokasi','7000000',NULL,NULL,'2018-02-14 14:45:01',NULL,'dini',NULL),
(153,31,'Perawatan','1500000',NULL,NULL,'2018-02-14 14:45:01',NULL,'dini',NULL),
(154,31,'Asuransi','600000',NULL,NULL,'2018-02-14 14:45:01',NULL,'dini',NULL),
(155,32,'SKPD','2775000',NULL,NULL,'2018-02-14 15:36:44',NULL,'dini',NULL),
(156,32,'Perijinan & Sarana Lokasi','7000000',NULL,NULL,'2018-02-14 15:36:44',NULL,'dini',NULL),
(157,32,'Penerangan','5000000',NULL,NULL,'2018-02-14 15:36:44',NULL,'dini',NULL),
(158,32,'Media Placement','8000000',NULL,NULL,'2018-02-14 15:36:44',NULL,'dini',NULL),
(159,32,'Perawatan','2500000',NULL,NULL,'2018-02-14 15:36:44',NULL,'dini',NULL),
(160,33,'Pajak','2156250',NULL,NULL,'2018-02-20 10:46:23',NULL,'dini',NULL),
(161,33,'Media Placement','8000000',NULL,NULL,'2018-02-20 10:46:23',NULL,'dini',NULL),
(162,33,'Perijinan & Sarana Lokasi','8000000',NULL,NULL,'2018-02-20 10:46:23',NULL,'dini',NULL),
(163,33,'Perawatan','1500000',NULL,NULL,'2018-02-20 10:46:23',NULL,'dini',NULL),
(164,33,'Asuransi','750000',NULL,NULL,'2018-02-20 10:46:23',NULL,'dini',NULL),
(165,34,'SKPD','1620000',NULL,NULL,'2018-02-20 10:58:30',NULL,'dini',NULL),
(166,34,'Media Placement','8000000',NULL,NULL,'2018-02-20 10:58:30',NULL,'dini',NULL),
(167,34,'Perijinan & Sarana Lokasi','8000000',NULL,NULL,'2018-02-20 10:58:30',NULL,'dini',NULL),
(168,34,'Perawatan','1500000',NULL,NULL,'2018-02-20 10:58:30',NULL,'dini',NULL),
(169,34,'Asuransi','750000',NULL,NULL,'2018-02-20 10:58:30',NULL,'dini',NULL),
(174,36,'SKPD','1620000',NULL,NULL,'2018-02-21 11:41:51',NULL,'dini',NULL),
(175,36,'Media Placement','8000000',NULL,NULL,'2018-02-21 11:41:51',NULL,'dini',NULL),
(176,36,'Perijinan & Sarana Lokasi','8000000',NULL,NULL,'2018-02-21 11:41:51',NULL,'dini',NULL),
(177,36,'Perawatan','1500000',NULL,NULL,'2018-02-21 11:41:51',NULL,'dini',NULL),
(178,36,'Asuransi','750000',NULL,NULL,'2018-02-21 11:41:51',NULL,'dini',NULL),
(179,37,'SKPD','2156000',NULL,NULL,'2018-03-27 16:21:22',NULL,'dini',NULL),
(180,37,'Media Placement','8000000',NULL,NULL,'2018-03-27 16:21:22',NULL,'dini',NULL),
(181,37,'Periijinan & Sarana Lokasi','8500000',NULL,NULL,'2018-03-27 16:21:22',NULL,'dini',NULL),
(182,37,'Perawatan','1500000',NULL,NULL,'2018-03-27 16:21:22',NULL,'dini',NULL),
(183,37,'Asuransi','600000',NULL,NULL,'2018-03-27 16:21:22',NULL,'dini',NULL),
(184,38,'SKPD','2377500',NULL,NULL,'2018-05-15 11:30:04',NULL,'dini',NULL),
(185,38,'Ijin Lokasi','2500000',NULL,NULL,'2018-05-15 11:30:04',NULL,'dini',NULL),
(186,38,'Biaya Perijinan','3500000',NULL,NULL,'2018-05-15 11:30:04',NULL,'dini',NULL),
(187,38,'Konstruksi','4000000',NULL,NULL,'2018-05-15 11:30:04',NULL,'dini',NULL),
(188,38,'Maintenance','1000000',NULL,NULL,'2018-05-15 11:30:04',NULL,'dini',NULL),
(189,39,'Pajak Reklame','2515500',NULL,NULL,'2018-05-31 13:44:46',NULL,'DINI',NULL),
(190,39,'Ijin Lokasi','2500000',NULL,NULL,'2018-05-31 13:44:46',NULL,'DINI',NULL),
(191,39,'Biaya Perijinan','3500000',NULL,NULL,'2018-05-31 13:44:46',NULL,'DINI',NULL),
(192,39,'Sewa Konstruksi','4000000',NULL,NULL,'2018-05-31 13:44:46',NULL,'DINI',NULL),
(193,39,'Maintenance','1000000',NULL,NULL,'2018-05-31 13:44:46',NULL,'DINI',NULL),
(194,40,'SKPD','2377500',NULL,NULL,'2018-05-31 13:46:43',NULL,'DINI',NULL),
(195,40,'Ijin lokasi','2500000',NULL,NULL,'2018-05-31 13:46:43',NULL,'DINI',NULL),
(196,40,'Biaya Perijinan','3500000',NULL,NULL,'2018-05-31 13:46:43',NULL,'DINI',NULL),
(197,40,'Sewa Konstruksi','4000000',NULL,NULL,'2018-05-31 13:46:43',NULL,'DINI',NULL),
(198,40,'Maintenance','1000000',NULL,NULL,'2018-05-31 13:46:43',NULL,'DINI',NULL),
(199,41,'Pajak Reklame','500000',NULL,NULL,'2018-06-05 12:03:50',NULL,'dini',NULL),
(200,41,'Ijin Lokasi','2500000',NULL,NULL,'2018-06-05 12:03:50',NULL,'dini',NULL),
(201,41,'Biaya Perijinan','3500000',NULL,NULL,'2018-06-05 12:03:50',NULL,'dini',NULL),
(202,41,'Sewa Konstruksi','4000000',NULL,NULL,'2018-06-05 12:03:50',NULL,'dini',NULL),
(203,41,'Maintenance','1000000',NULL,NULL,'2018-06-05 12:03:50',NULL,'dini',NULL),
(204,42,'Pajak Reklame','1138750',NULL,NULL,'2018-06-05 12:05:26',NULL,'dini',NULL),
(205,42,'Ijin Lokasi','2500000',NULL,NULL,'2018-06-05 12:05:26',NULL,'dini',NULL),
(206,42,'Biaya Perijinan','3500000',NULL,NULL,'2018-06-05 12:05:26',NULL,'dini',NULL),
(207,42,'Sewa Konstruksi','4000000',NULL,NULL,'2018-06-05 12:05:26',NULL,'dini',NULL),
(208,42,'Maintenance','1000000',NULL,NULL,'2018-06-05 12:05:26',NULL,'dini',NULL),
(209,43,'Pajak Reklame','1138750',NULL,NULL,'2018-06-05 12:07:06',NULL,'dini',NULL),
(210,43,'Ijin Lokasi','2500000',NULL,NULL,'2018-06-05 12:07:06',NULL,'dini',NULL),
(211,43,'Biaya Perijinan','3500000',NULL,NULL,'2018-06-05 12:07:06',NULL,'dini',NULL),
(212,43,'Sewa Konstruksi','4000000',NULL,NULL,'2018-06-05 12:07:06',NULL,'dini',NULL),
(213,43,'Maintenance','1000000',NULL,NULL,'2018-06-05 12:07:06',NULL,'dini',NULL),
(214,44,'Pajak Reklame','1138750',NULL,NULL,'2018-06-05 12:08:17',NULL,'dini',NULL),
(215,44,'Ijin Lokasi','2500000',NULL,NULL,'2018-06-05 12:08:17',NULL,'dini',NULL),
(216,44,'Biaya Perijinan','3500000',NULL,NULL,'2018-06-05 12:08:17',NULL,'dini',NULL),
(217,44,'Sewa Konstruksi','4000000',NULL,NULL,'2018-06-05 12:08:17',NULL,'dini',NULL),
(218,44,'Maintenance','1000000',NULL,NULL,'2018-06-05 12:08:18',NULL,'dini',NULL),
(219,45,'Pajak Reklame','1118000',NULL,NULL,'2018-06-05 12:09:36',NULL,'dini',NULL),
(220,45,'Ijin Lokasi','2500000',NULL,NULL,'2018-06-05 12:09:36',NULL,'dini',NULL),
(221,45,'Biaya Perijinan','3500000',NULL,NULL,'2018-06-05 12:09:36',NULL,'dini',NULL),
(222,45,'Sewa Konstruksi','4000000',NULL,NULL,'2018-06-05 12:09:36',NULL,'dini',NULL),
(223,45,'Maintenance','1000000',NULL,NULL,'2018-06-05 12:09:36',NULL,'dini',NULL),
(224,46,'SKPD','2377500',NULL,NULL,'2018-06-05 13:12:13',NULL,'dini',NULL),
(225,46,'Ijin lokasi','2500000',NULL,NULL,'2018-06-05 13:12:13',NULL,'dini',NULL),
(226,46,'Biaya Perijinan','3500000',NULL,NULL,'2018-06-05 13:12:13',NULL,'dini',NULL),
(227,46,'Sewa Konstruksi','4000000',NULL,NULL,'2018-06-05 13:12:13',NULL,'dini',NULL),
(228,46,'Maintenance','1000000',NULL,NULL,'2018-06-05 13:12:13',NULL,'dini',NULL),
(229,47,'SKPD','2377500',NULL,NULL,'2018-06-05 13:13:35',NULL,'dini',NULL),
(230,47,'Ijin lokasi','2500000',NULL,NULL,'2018-06-05 13:13:35',NULL,'dini',NULL),
(231,47,'Biaya Perijinan','3500000',NULL,NULL,'2018-06-05 13:13:35',NULL,'dini',NULL),
(232,47,'Sewa Konstruksi','4000000',NULL,NULL,'2018-06-05 13:13:35',NULL,'dini',NULL),
(233,47,'Maintenance','1000000',NULL,NULL,'2018-06-05 13:13:35',NULL,'dini',NULL),
(234,48,'Pajak','3575000',NULL,NULL,'2018-06-05 13:16:57',NULL,'dini',NULL),
(235,48,'Ijin Lokasi','5000000',NULL,NULL,'2018-06-05 13:16:57',NULL,'dini',NULL),
(236,48,'Biaya Perijinan','5000000',NULL,NULL,'2018-06-05 13:16:57',NULL,'dini',NULL),
(237,48,'Sewa Konstruksi','6500000',NULL,NULL,'2018-06-05 13:16:57',NULL,'dini',NULL),
(238,48,'Maintenance','1500000',NULL,NULL,'2018-06-05 13:16:57',NULL,'dini',NULL),
(239,49,'Pajak Reklame','3400000',NULL,NULL,'2018-06-05 13:25:11',NULL,'dini',NULL),
(240,49,'Perijinan','6000000',NULL,NULL,'2018-06-05 13:25:11',NULL,'dini',NULL),
(241,49,'Media Placement','10000000',NULL,NULL,'2018-06-05 13:25:11',NULL,'dini',NULL),
(242,49,'Sarana Lokasi','7000000',NULL,NULL,'2018-06-05 13:25:11',NULL,'dini',NULL),
(243,49,'Mainrtenance','2000000',NULL,NULL,'2018-06-05 13:25:11',NULL,'dini',NULL),
(244,49,'Asuransi','750000',NULL,NULL,'2018-06-05 13:25:11',NULL,'dini',NULL),
(245,50,'Pajak Reklame ','2463750',NULL,NULL,'2018-06-05 13:27:15',NULL,'dini',NULL),
(246,50,'Ijin Lokasi','4000000',NULL,NULL,'2018-06-05 13:27:15',NULL,'dini',NULL),
(247,50,'Biaya Perijinan','6500000',NULL,NULL,'2018-06-05 13:27:15',NULL,'dini',NULL),
(248,50,'Sewa Konstruksi','10000000',NULL,NULL,'2018-06-05 13:27:15',NULL,'dini',NULL),
(249,50,'Asuransi','600000',NULL,NULL,'2018-06-05 13:27:15',NULL,'dini',NULL),
(250,50,'Maintenance','1500000',NULL,NULL,'2018-06-05 13:27:15',NULL,'dini',NULL),
(251,51,'Pajak Reklame','2463750',NULL,NULL,'2018-06-05 13:28:39',NULL,'dini',NULL),
(252,51,'Ijin Lokasi','4000000',NULL,NULL,'2018-06-05 13:28:39',NULL,'dini',NULL),
(253,51,'Biaya Perijinan','6500000',NULL,NULL,'2018-06-05 13:28:39',NULL,'dini',NULL),
(254,51,'Sewa Konstruksi','10000000',NULL,NULL,'2018-06-05 13:28:39',NULL,'dini',NULL),
(255,51,'Asuransi','600000',NULL,NULL,'2018-06-05 13:28:39',NULL,'dini',NULL),
(256,51,'Maintenance','1500000',NULL,NULL,'2018-06-05 13:28:39',NULL,'dini',NULL),
(257,52,'Pajak Reklame','1642500',NULL,NULL,'2018-06-05 13:34:29',NULL,'dini',NULL),
(258,52,'Perijinan','6000000',NULL,NULL,'2018-06-05 13:34:29',NULL,'dini',NULL),
(259,52,'Media Placement','10000000',NULL,NULL,'2018-06-05 13:34:29',NULL,'dini',NULL),
(260,52,'Sarana Lokasi','6000000',NULL,NULL,'2018-06-05 13:34:29',NULL,'dini',NULL),
(261,52,'Maintenance','2000000',NULL,NULL,'2018-06-05 13:34:29',NULL,'dini',NULL),
(262,52,'Asuransi','750000',NULL,NULL,'2018-06-05 13:34:29',NULL,'dini',NULL),
(263,53,'Pajak Reklame','2463750',NULL,NULL,'2018-06-05 13:35:33',NULL,'dini',NULL),
(264,53,'Ijin Lokasi ( Swasta )','4000000',NULL,NULL,'2018-06-05 13:35:33',NULL,'dini',NULL),
(265,53,'Biaya Perijinan','6500000',NULL,NULL,'2018-06-05 13:35:33',NULL,'dini',NULL),
(266,53,'Sewa Konstruksi','10000000',NULL,NULL,'2018-06-05 13:35:33',NULL,'dini',NULL),
(267,53,'Asuransi','600000',NULL,NULL,'2018-06-05 13:35:33',NULL,'dini',NULL),
(268,53,'Maintenance','1500000',NULL,NULL,'2018-06-05 13:35:33',NULL,'dini',NULL),
(269,54,'Pajak Reklame','3285000',NULL,NULL,'2018-06-05 13:44:09',NULL,'dini',NULL),
(270,54,'Perijinan','6000000',NULL,NULL,'2018-06-05 13:44:09',NULL,'dini',NULL),
(271,54,'Media Placement','10000000',NULL,NULL,'2018-06-05 13:44:09',NULL,'dini',NULL),
(272,54,'Sarana Lokasi','5000000',NULL,NULL,'2018-06-05 13:44:09',NULL,'dini',NULL),
(273,54,'Maintenance','2000000',NULL,NULL,'2018-06-05 13:44:09',NULL,'dini',NULL),
(274,54,'Asuransi','750000',NULL,NULL,'2018-06-05 13:44:09',NULL,'dini',NULL),
(275,55,'Pajak Reklame','1118000',NULL,NULL,'2018-06-05 13:51:12',NULL,'dini',NULL),
(276,55,'Ijin Lokasi ','2500000',NULL,NULL,'2018-06-05 13:51:12',NULL,'dini',NULL),
(277,55,'Biaya Perijinan','3500000',NULL,NULL,'2018-06-05 13:51:12',NULL,'dini',NULL),
(278,55,'Sewa Konstruksi','4000000',NULL,NULL,'2018-06-05 13:51:12',NULL,'dini',NULL),
(279,55,'Maintenance','1000000',NULL,NULL,'2018-06-05 13:51:12',NULL,'dini',NULL),
(280,56,'Pajak Reklame','1118000',NULL,NULL,'2018-06-05 13:52:44',NULL,'dini',NULL),
(281,56,'Ijin Lokasi','2500000',NULL,NULL,'2018-06-05 13:52:44',NULL,'dini',NULL),
(282,56,'Biaya Perijinan','3500000',NULL,NULL,'2018-06-05 13:52:44',NULL,'dini',NULL),
(283,56,'Sewa Konstruksi','4000000',NULL,NULL,'2018-06-05 13:52:44',NULL,'dini',NULL),
(284,56,'Maintenance','1000000',NULL,NULL,'2018-06-05 13:52:44',NULL,'dini',NULL),
(285,57,'Pajak Reklame','3400000',NULL,NULL,'2018-06-05 13:56:06',NULL,'dini',NULL),
(286,57,'Perijinan','6000000',NULL,NULL,'2018-06-05 13:56:06',NULL,'dini',NULL),
(287,57,'Media Placement','10000000',NULL,NULL,'2018-06-05 13:56:06',NULL,'dini',NULL),
(288,57,'Sarana Lokasi','6000000',NULL,NULL,'2018-06-05 13:56:06',NULL,'dini',NULL),
(289,57,'Maintenance','2000000',NULL,NULL,'2018-06-05 13:56:06',NULL,'dini',NULL),
(290,57,'Asuransi','750000',NULL,NULL,'2018-06-05 13:56:06',NULL,'dini',NULL),
(291,58,'Pajak Reklame','4110937',NULL,NULL,'2018-06-05 14:03:08',NULL,'dini',NULL),
(292,58,'Ijin Lokasi','4000000',NULL,NULL,'2018-06-05 14:03:08',NULL,'dini',NULL),
(293,58,'Biaya Perijinan','6000000',NULL,NULL,'2018-06-05 14:03:08',NULL,'dini',NULL),
(294,58,'Sewa Konstruksi','6500000',NULL,NULL,'2018-06-05 14:03:08',NULL,'dini',NULL),
(295,58,'Listrik','6000000',NULL,NULL,'2018-06-05 14:03:08',NULL,'dini',NULL),
(296,58,'Asuransi','600000',NULL,NULL,'2018-06-05 14:03:08',NULL,'dini',NULL),
(297,58,'Maintenance','2500000',NULL,NULL,'2018-06-05 14:03:08',NULL,'dini',NULL),
(298,59,'Pajak Reklame','4110937',NULL,NULL,'2018-06-05 14:03:59',NULL,'dini',NULL),
(299,59,'Ijin Lokasi','4000000',NULL,NULL,'2018-06-05 14:03:59',NULL,'dini',NULL),
(300,59,'Biaya Perijinan','6000000',NULL,NULL,'2018-06-05 14:03:59',NULL,'dini',NULL),
(301,59,'Sewa Konstruksi','6500000',NULL,NULL,'2018-06-05 14:03:59',NULL,'dini',NULL),
(302,59,'Listrik','6000000',NULL,NULL,'2018-06-05 14:03:59',NULL,'dini',NULL),
(303,59,'Asuransi','600000',NULL,NULL,'2018-06-05 14:03:59',NULL,'dini',NULL),
(304,59,'Maintenance','2500000',NULL,NULL,'2018-06-05 14:03:59',NULL,'dini',NULL),
(305,60,'Pajak Reklame','3400000',NULL,NULL,'2018-06-06 08:26:25',NULL,'dini',NULL),
(306,60,'Perijinan','6000000',NULL,NULL,'2018-06-06 08:26:25',NULL,'dini',NULL),
(307,60,'Media Placement','10000000',NULL,NULL,'2018-06-06 08:26:25',NULL,'dini',NULL),
(308,60,'Sarana Lokasi','7000000',NULL,NULL,'2018-06-06 08:26:25',NULL,'dini',NULL),
(309,60,'Maintenance','2000000',NULL,NULL,'2018-06-06 08:26:25',NULL,'dini',NULL),
(310,60,'Asuransi','750000',NULL,NULL,'2018-06-06 08:26:25',NULL,'dini',NULL),
(311,61,'Pajak Reklame','2100000',NULL,NULL,'2018-06-06 08:30:33',NULL,'dini',NULL),
(312,61,'Ijin lokasi ','6500000',NULL,NULL,'2018-06-06 08:30:33',NULL,'dini',NULL),
(313,61,'Biaya Periijinan','8000000',NULL,NULL,'2018-06-06 08:30:33',NULL,'dini',NULL),
(314,61,'Sewa Konstrusksi','7000000',NULL,NULL,'2018-06-06 08:30:33',NULL,'dini',NULL),
(315,61,'Maintenance','1500000',NULL,NULL,'2018-06-06 08:30:33',NULL,'dini',NULL),
(316,62,'Pajak','2100000',NULL,NULL,'2018-06-06 08:32:16',NULL,'dini',NULL),
(317,62,'Ijin Lokasi','6500000',NULL,NULL,'2018-06-06 08:32:16',NULL,'dini',NULL),
(318,62,'Biaya Perijinan','8000000',NULL,NULL,'2018-06-06 08:32:16',NULL,'dini',NULL),
(319,62,'Sewa Konstruksi','7000000',NULL,NULL,'2018-06-06 08:32:16',NULL,'dini',NULL),
(320,62,'Maintenance','1500000',NULL,NULL,'2018-06-06 08:32:16',NULL,'dini',NULL),
(321,63,'Pajak Reklame','3575000',NULL,NULL,'2018-06-06 08:58:12',NULL,'dini',NULL),
(322,63,'Ijin Lokasi','5000000',NULL,NULL,'2018-06-06 08:58:12',NULL,'dini',NULL),
(323,63,'Biaya Perijinan','5000000',NULL,NULL,'2018-06-06 08:58:12',NULL,'dini',NULL),
(324,63,'Sewa Konstruksi','6500000',NULL,NULL,'2018-06-06 08:58:12',NULL,'dini',NULL),
(325,63,'Maintenance','1500000',NULL,NULL,'2018-06-06 08:58:12',NULL,'dini',NULL),
(326,64,'Pajak Reklame','2463750',NULL,NULL,'2018-06-06 10:00:13',NULL,'dini',NULL),
(327,64,'Ijin Lokasi','4000000',NULL,NULL,'2018-06-06 10:00:13',NULL,'dini',NULL),
(328,64,'Biaya Perijinan','6500000',NULL,NULL,'2018-06-06 10:00:13',NULL,'dini',NULL),
(329,64,'Sewa Konstruksi','10000000',NULL,NULL,'2018-06-06 10:00:13',NULL,'dini',NULL),
(330,64,'Asuransi','600000',NULL,NULL,'2018-06-06 10:00:13',NULL,'dini',NULL),
(331,64,'Maintenance','1500000',NULL,NULL,'2018-06-06 10:00:13',NULL,'dini',NULL),
(332,65,'Pajak Reklame','4106250',NULL,NULL,'2018-06-06 10:01:40',NULL,'dini',NULL),
(333,65,'Perijinan','6000000',NULL,NULL,'2018-06-06 10:01:40',NULL,'dini',NULL),
(334,65,'Media Placement','10000000',NULL,NULL,'2018-06-06 10:01:40',NULL,'dini',NULL),
(335,65,'Sarana Lokasi','5000000',NULL,NULL,'2018-06-06 10:01:40',NULL,'dini',NULL),
(336,65,'Maintenance','2000000',NULL,NULL,'2018-06-06 10:01:40',NULL,'dini',NULL),
(337,65,'Asuransi','750000',NULL,NULL,'2018-06-06 10:01:40',NULL,'dini',NULL),
(338,66,'Biaya All in 3 Tahun ','475000000',NULL,NULL,'2018-06-06 10:06:36',NULL,'dini',NULL),
(339,66,'','0',NULL,NULL,'2018-06-06 10:06:36',NULL,'dini',NULL),
(340,67,'Pajak Reklame','2100000',NULL,NULL,'2018-06-07 13:58:39',NULL,'dini',NULL),
(341,67,'Ijin Lokasi','6500000',NULL,NULL,'2018-06-07 13:58:39',NULL,'dini',NULL),
(342,67,'Biaya Perijinan','8000000',NULL,NULL,'2018-06-07 13:58:39',NULL,'dini',NULL),
(343,67,'Sewa Konstruksi','7000000',NULL,NULL,'2018-06-07 13:58:39',NULL,'dini',NULL),
(344,67,'Maintenance','1500000',NULL,NULL,'2018-06-07 13:58:39',NULL,'dini',NULL),
(345,68,'Pajak','2100000',NULL,NULL,'2018-06-08 09:50:47',NULL,'dini',NULL),
(346,68,'Ijin Lokasi','6500000',NULL,NULL,'2018-06-08 09:50:47',NULL,'dini',NULL),
(347,68,'Biaya Perijinan','8000000',NULL,NULL,'2018-06-08 09:50:47',NULL,'dini',NULL),
(348,68,'Sewa Konstruksi','7000000',NULL,NULL,'2018-06-08 09:50:47',NULL,'dini',NULL),
(349,68,'Maintenance','1500000',NULL,NULL,'2018-06-08 09:50:47',NULL,'dini',NULL),
(350,69,'biaya all in','42000000',NULL,NULL,'2018-07-04 17:08:48',NULL,'ervyjulia',NULL),
(351,70,'biaya all in','41000000',NULL,NULL,'2018-07-04 17:09:45',NULL,'ervyjulia',NULL),
(352,71,'biaya all in','41000000',NULL,NULL,'2018-07-04 17:10:32',NULL,'ervyjulia',NULL),
(353,72,'biaya all in','41000000',NULL,NULL,'2018-07-04 17:11:14',NULL,'ervyjulia',NULL);

/*Table structure for table `t_po_file` */

DROP TABLE IF EXISTS `t_po_file`;

CREATE TABLE `t_po_file` (
  `idpofile` int(11) NOT NULL AUTO_INCREMENT,
  `idpo` int(11) DEFAULT NULL,
  `keterangan` text,
  `fileupload` varchar(225) DEFAULT NULL,
  `date_create` datetime DEFAULT NULL,
  `user_create` varchar(25) DEFAULT NULL,
  PRIMARY KEY (`idpofile`)
) ENGINE=InnoDB AUTO_INCREMENT=73 DEFAULT CHARSET=latin1;

/*Data for the table `t_po_file` */

insert  into `t_po_file`(`idpofile`,`idpo`,`keterangan`,`fileupload`,`date_create`,`user_create`) values 
(1,1,'po','http://192.168.1.18/upload/po/2.jpg','2017-12-04 15:25:04','uci'),
(2,2,'po','http://192.168.1.18/upload/po/2.jpg','2017-12-06 10:54:00','dini'),
(3,3,'po','http://192.168.1.18/upload/po/3.jpg','2017-12-08 09:34:59','dini'),
(4,4,'po','http://192.168.1.18/upload/po/3.jpg','2017-12-08 09:34:59','dini'),
(5,5,'po','http://192.168.1.18/upload/po/3.jpg','2017-12-08 09:34:59','dini'),
(6,6,'po','http://192.168.1.18/upload/po/3.jpg','2017-12-08 09:34:59','dini'),
(7,7,'po','http://192.168.1.18/upload/po/3.jpg','2017-12-08 09:34:59','dini'),
(8,8,'po','http://192.168.1.18/upload/po/3.jpg','2017-12-08 09:34:59','dini'),
(9,9,'po','http://192.168.1.18/upload/po/3.jpg','2017-12-08 09:34:59','dini'),
(10,10,'po','http://192.168.1.18/upload/po/2.jpg','2017-12-13 09:23:34','dini'),
(11,11,'po','http://192.168.1.18/upload/po/4.jpg','2017-12-14 09:37:36','dini'),
(12,12,'po','http://192.168.1.18/upload/po/4.jpg','2017-12-14 10:01:48','dini'),
(13,13,'po','http://192.168.1.18/upload/po/1.jpg','2017-12-14 11:44:34','dini'),
(14,14,'po','http://192.168.1.18/upload/po/157.jpg','2017-12-18 16:10:27','dini'),
(15,15,'po','http://192.168.1.18/upload/po/baliho jl m yamin argamakmur.jpg','2018-01-08 14:04:17','dini'),
(16,16,'po','http://192.168.1.18/upload/po/baliho simp 4 unit terminal argamakmur.jpg','2018-01-10 09:01:47','dini'),
(17,17,'po','http://192.168.1.18/upload/po/SPK Billboard km 12300 arvindo - 1.jpg','2018-01-10 09:59:15','dini'),
(18,18,'po','http://192.168.1.18/upload/po/SOP Billboard Tol Jakarta-Cikampek Km.jpg','2018-01-12 10:29:24','dini'),
(19,19,'po','http://192.168.1.18/upload/po/IMG-20170512-WA0001.jpg','2018-01-12 10:49:22','dini'),
(20,20,'po','http://192.168.1.18/upload/po/SPKS VIDEOTRON.jpg','2018-01-12 15:52:16','uci'),
(21,21,'po','http://192.168.1.18/upload/po/videotron depan patung kuda.jpg','2018-01-18 09:33:25','dini'),
(22,22,'po','http://192.168.1.18/upload/po/PERJANJIAN KERJASAMA KONTRAK BALIHO SIMP M.jpg','2018-01-22 16:07:25','DINI'),
(23,23,'po','http://192.168.1.18/upload/po/spks ps tugu (1).jpg','2018-02-06 14:34:22','dini'),
(24,24,'po','http://192.168.1.18/upload/po/spks punggur 2.jpg','2018-02-07 13:56:13','dini'),
(25,25,'po','http://192.168.1.18/upload/po/spks margototo (1).jpg','2018-02-07 14:04:25','dini'),
(26,26,'po','http://192.168.1.18/upload/po/spks margototo (1).jpg','2018-02-07 14:04:25','dini'),
(27,27,'po','http://192.168.1.18/upload/po/spks margototo (1).jpg','2018-02-07 14:05:27','dini'),
(28,28,'po','http://192.168.1.18/upload/po/spks kedondong (1).jpg','2018-02-08 10:16:48','dini'),
(29,29,'po','http://192.168.1.18/upload/po/spks umbul kluwih (1).jpg','2018-02-08 10:49:39','dini'),
(30,30,'po','http://192.168.1.18/upload/po/spks way kandis (1).jpg','2018-02-08 12:18:22','dini'),
(31,31,'po','http://192.168.1.18/upload/po/spks bandung baru (1).jpg','2018-02-14 14:45:01','dini'),
(32,32,'po','http://192.168.1.18/upload/po/spks trimurjo (1).jpg','2018-02-14 15:36:44','dini'),
(33,33,'po','http://192.168.1.18/upload/po/spks ambarawa (1).jpg','2018-02-20 10:46:23','dini'),
(34,34,'po','http://192.168.1.18/upload/po/spks wonosobo (1).jpg','2018-02-20 10:58:30','dini'),
(35,35,'po','http://192.168.1.18/upload/po/spks spbu tlg pdg (1).jpg','2018-02-21 09:53:42','dini'),
(36,36,'po','http://192.168.1.18/upload/po/spks spbu tlg pdg (1).jpg','2018-02-21 11:41:51','dini'),
(37,37,'po','http://192.168.1.18/upload/po/spks sukoharjo (1).jpg','2018-03-27 16:21:22','dini'),
(38,38,'po','http://192.168.1.18/upload/po/041-02-33-12-17-OOH Arvindo-Midis 3x6 jl.jpg','2018-05-15 11:30:04','dini'),
(39,39,'po','http://192.168.1.18/upload/po/043-02-33-12-17-OOH Arvindo-Midis 3x6 jl.lintas P.alam (simp Manna).pdf','2018-05-31 13:44:46','DINI'),
(40,40,'po','http://192.168.1.18/upload/po/041-02-33-12-17-OOH Arvindo-Midis 3x6 jl.lintas Tanjung Agung m.enim.pdf','2018-05-31 13:46:43','DINI'),
(41,41,'po','http://192.168.1.18/upload/po/035-02-33-12-17-OOH Arvindo-Midis jl.gunung terminal (koramil) p.alam.pdf','2018-06-05 12:03:50','dini'),
(42,42,'po','http://192.168.1.18/upload/po/036-02-33-12-17-OOH Arvindo-Midis pasar bantingan tj.enim.pdf','2018-06-05 12:05:26','dini'),
(43,43,'po','http://192.168.1.18/upload/po/037-02-33-12-17-OOH Arvindo-Midis simp islamic center m.enim.pdf','2018-06-05 12:07:06','dini'),
(44,44,'po','http://192.168.1.18/upload/po/038-02-33-12-17-OOH Arvindo-Midis simp 3 lap eks bank mandiri tj.enim.pdf','2018-06-05 12:08:18','dini'),
(45,45,'po','http://192.168.1.18/upload/po/039-02-33-12-17-OOH Arvindo-Midis jl.lintas simp muara siban lahat.pdf','2018-06-05 12:09:36','dini'),
(46,46,'po','http://192.168.1.18/upload/po/041-02-33-12-17-OOH Arvindo-Midis 3x6 jl.lintas Tanjung Agung m.enim.pdf','2018-06-05 13:12:13','dini'),
(47,47,'po','http://192.168.1.18/upload/po/041-02-33-12-17-OOH Arvindo-Midis 3x6 jl.lintas Tanjung Agung m.enim.pdf','2018-06-05 13:13:35','dini'),
(48,48,'po','http://192.168.1.18/upload/po/030-02-33-12-17-OOH Arvindo-Baliho gunung megang.pdf','2018-06-05 13:16:57','dini'),
(49,49,'po','http://192.168.1.18/upload/po/PERJANJIAN KERJASAMA KONTRAK MIDIS SIDODADI BK.IX BELITANG.pdf','2018-06-05 13:25:11','dini'),
(50,50,'po','http://192.168.1.18/upload/po/PERJANJIAN KERJASAMA KONTRAK MIDIS JL RADEN FATAH.pdf','2018-06-05 13:27:15','dini'),
(51,51,'po','http://192.168.1.18/upload/po/PERJANJIAN KERJASAMA KONTRAK MIDIS SIMP PT SEMEN.pdf','2018-06-05 13:28:39','dini'),
(52,52,'po','http://192.168.1.18/upload/po/PERJANJIAN KERJASAMA KONTRAK MIDIS KIBANG BATU KUNING.pdf','2018-06-05 13:34:29','dini'),
(53,53,'po','http://192.168.1.18/upload/po/PERJANJIAN KERJASAMA KONTRAK MIDIS SIMP RSS SRIWIJAYA.pdf','2018-06-05 13:35:33','dini'),
(54,54,'po','http://192.168.1.18/upload/po/PERJANJIAN KERJASAMA KONTRAK MIDIS BATU BELANG MUARADUA.pdf','2018-06-05 13:44:09','dini'),
(55,55,'po','http://192.168.1.18/upload/po/033-02-33-12-17-OOH Arvindo-Midis simp blok c lahat.pdf','2018-06-05 13:51:12','dini'),
(56,56,'po','http://192.168.1.18/upload/po/034-02-33-12-17-OOH Arvindo-Midis simp Bandar Agung lahat.pdf','2018-06-05 13:52:44','dini'),
(57,57,'po','http://192.168.1.18/upload/po/PERJANJIAN KERJASAMA KONTRAK MIDIS PASAR BATUMARTA VI.pdf','2018-06-05 13:56:06','dini'),
(58,58,'po','http://192.168.1.18/upload/po/2 lokasi (1).jpg','2018-06-05 14:03:08','dini'),
(59,59,'po','http://192.168.1.18/upload/po/2 lokasi (3).jpg','2018-06-05 14:03:59','dini'),
(60,60,'po','http://192.168.1.18/upload/po/PERJANJIAN KERJASAMA KONTRAK MIDIS BANTAN MARTAPURA.pdf','2018-06-06 08:26:25','dini'),
(61,61,'po','http://192.168.1.18/upload/po/baliho simp 4 unit terminal argamakmur.jpg','2018-06-06 08:30:33','dini'),
(62,62,'po','http://192.168.1.18/upload/po/baliho jl m yamin argamakmur.jpg','2018-06-06 08:32:16','dini'),
(63,63,'po','http://192.168.1.18/upload/po/031-02-33-12-17-OOH Arvindo-Baliho DS.PULAU PANGGUNG.pdf','2018-06-06 08:58:12','dini'),
(64,64,'po','http://192.168.1.18/upload/po/PERJANJIAN KERJASAMA KONTRAK MIDIS KEMILING SIMP DIKNAS.pdf','2018-06-06 10:00:13','dini'),
(65,65,'po','http://192.168.1.18/upload/po/PERJANJIAN KERJASAMA KONTRAK MIDIS GUNUNG TERANG MUARADUA.pdf','2018-06-06 10:01:40','dini'),
(66,66,'po','http://192.168.1.18/upload/po/IMG.jpg','2018-06-06 10:06:36','dini'),
(67,67,'po','http://192.168.1.18/upload/po/baliho simp 4 unit terminal argamakmur.jpg','2018-06-07 13:58:39','dini'),
(68,68,'po','http://192.168.1.18/upload/po/baliho jl m yamin argamakmur.jpg','2018-06-08 09:50:47','dini'),
(69,69,'po','http://192.168.1.18/upload/po/21802000330.pdf','2018-07-04 17:08:48','ervyjulia'),
(70,70,'po','http://192.168.1.18/upload/po/21802000333.pdf','2018-07-04 17:09:45','ervyjulia'),
(71,71,'po','http://192.168.1.18/upload/po/21802000332.pdf','2018-07-04 17:10:32','ervyjulia'),
(72,72,'po','http://192.168.1.18/upload/po/21802000331.pdf','2018-07-04 17:11:14','ervyjulia');

/*Table structure for table `t_produksi` */

DROP TABLE IF EXISTS `t_produksi`;

CREATE TABLE `t_produksi` (
  `idproduksi` int(11) NOT NULL AUTO_INCREMENT,
  `idpo` int(11) DEFAULT NULL,
  `date_realisasi` datetime DEFAULT NULL,
  `lama_produksi` date DEFAULT NULL,
  `akhir_produksi` date DEFAULT NULL,
  `perkiraan_budget` varchar(20) DEFAULT NULL,
  `status` char(1) DEFAULT NULL,
  `date_create` datetime DEFAULT NULL,
  `date_update` datetime DEFAULT NULL,
  `user_create` varchar(15) DEFAULT NULL,
  `user_update` varchar(15) DEFAULT NULL,
  `angsuran` char(5) DEFAULT NULL,
  PRIMARY KEY (`idproduksi`)
) ENGINE=InnoDB DEFAULT CHARSET=latin1;

/*Data for the table `t_produksi` */

/*Table structure for table `t_produksi_dtl` */

DROP TABLE IF EXISTS `t_produksi_dtl`;

CREATE TABLE `t_produksi_dtl` (
  `idproduksidtl` int(11) NOT NULL AUTO_INCREMENT,
  `idproduksi` int(11) DEFAULT NULL,
  `idmaterial` varchar(50) DEFAULT NULL,
  `jumlah` varchar(20) DEFAULT NULL,
  `harga_satuan` varchar(20) DEFAULT NULL,
  `harga_total` varchar(20) DEFAULT NULL,
  `keterangan` text,
  PRIMARY KEY (`idproduksidtl`)
) ENGINE=InnoDB DEFAULT CHARSET=latin1;

/*Data for the table `t_produksi_dtl` */

/*Table structure for table `t_produksi_file` */

DROP TABLE IF EXISTS `t_produksi_file`;

CREATE TABLE `t_produksi_file` (
  `idproduksifile` int(11) NOT NULL AUTO_INCREMENT,
  `idproduksi` int(11) DEFAULT NULL,
  `keterangan` text,
  `fileupload` varchar(200) DEFAULT NULL,
  `date_create` datetime DEFAULT NULL,
  `user_create` varchar(15) DEFAULT NULL,
  PRIMARY KEY (`idproduksifile`)
) ENGINE=InnoDB DEFAULT CHARSET=latin1;

/*Data for the table `t_produksi_file` */

/*Table structure for table `t_realisasi_file` */

DROP TABLE IF EXISTS `t_realisasi_file`;

CREATE TABLE `t_realisasi_file` (
  `idrealisasifile` int(11) NOT NULL AUTO_INCREMENT,
  `idproduksi` int(11) DEFAULT NULL,
  `keterangan` text,
  `fileupload` varchar(200) DEFAULT NULL,
  `date_create` datetime DEFAULT NULL,
  `user_create` varchar(15) DEFAULT NULL,
  PRIMARY KEY (`idrealisasifile`)
) ENGINE=InnoDB DEFAULT CHARSET=latin1;

/*Data for the table `t_realisasi_file` */

/*Table structure for table `t_realisasi_ijin` */

DROP TABLE IF EXISTS `t_realisasi_ijin`;

CREATE TABLE `t_realisasi_ijin` (
  `idijin` int(11) NOT NULL AUTO_INCREMENT,
  `idrealisasi` int(11) NOT NULL,
  `tgl_awal` date DEFAULT NULL,
  `tgl_ijin` date DEFAULT NULL,
  `user_create` varchar(15) DEFAULT NULL,
  `user_update` varchar(15) DEFAULT NULL,
  `date_create` datetime DEFAULT NULL,
  `date_update` datetime DEFAULT NULL,
  PRIMARY KEY (`idijin`)
) ENGINE=InnoDB DEFAULT CHARSET=latin1;

/*Data for the table `t_realisasi_ijin` */

/*Table structure for table `t_realisasi_produk` */

DROP TABLE IF EXISTS `t_realisasi_produk`;

CREATE TABLE `t_realisasi_produk` (
  `idrealisasi` int(11) NOT NULL AUTO_INCREMENT,
  `idproduksi` int(11) DEFAULT NULL,
  `idmaterial` int(11) DEFAULT NULL,
  `jumlah` varchar(20) DEFAULT NULL,
  `harga_satuan` varchar(20) DEFAULT NULL,
  `harga_total` varchar(20) DEFAULT NULL,
  `keterangan` text,
  PRIMARY KEY (`idrealisasi`)
) ENGINE=InnoDB DEFAULT CHARSET=latin1;

/*Data for the table `t_realisasi_produk` */

/*Table structure for table `t_role` */

DROP TABLE IF EXISTS `t_role`;

CREATE TABLE `t_role` (
  `kode` char(2) DEFAULT NULL,
  `status` varchar(50) DEFAULT NULL
) ENGINE=InnoDB DEFAULT CHARSET=latin1;

/*Data for the table `t_role` */

insert  into `t_role`(`kode`,`status`) values 
('1','Superuser'),
('2','Admin'),
('3','AE'),
('4','GM'),
('5','Keuangan ASMI'),
('6','Keuangan ADPI');

/*Table structure for table `t_sewa` */

DROP TABLE IF EXISTS `t_sewa`;

CREATE TABLE `t_sewa` (
  `kdsewa` int(11) NOT NULL AUTO_INCREMENT,
  `kdlokasi` varchar(50) DEFAULT NULL,
  `jatuh_tempo` datetime DEFAULT NULL,
  `tgl_bayar` datetime DEFAULT NULL,
  `status` char(1) DEFAULT NULL,
  PRIMARY KEY (`kdsewa`)
) ENGINE=InnoDB DEFAULT CHARSET=latin1;

/*Data for the table `t_sewa` */

/*!40101 SET SQL_MODE=@OLD_SQL_MODE */;
/*!40014 SET FOREIGN_KEY_CHECKS=@OLD_FOREIGN_KEY_CHECKS */;
/*!40014 SET UNIQUE_CHECKS=@OLD_UNIQUE_CHECKS */;
/*!40111 SET SQL_NOTES=@OLD_SQL_NOTES */;
